Week,Month,Date,Day,Daily FTEs Previsto,Daily FTEs Actual,Daily Images,Cumm Images,Cumm Month,Actual Images Scan,% Actual Images Scan,Cumm Images Scan,Cumm Images Scan Month,% Cumm Images Scan,Actual Images Transmission,Documentos,% Actual Trasnmission,Cumm Images Transmission,Cumm Images Transmission Month,% Cumm Images Transmission,,Dias Úteis,Dias Passados,%,,Previsto até Ontem,Feito Até Ontem,Diferença,FORECAST,ACTUAL Digitalização,% Target x Actual,Previsto até Ontem Transmission,Feito Até Ontem Transmission,Diferença Transmitido,STATUS,% Transmission,Duplicados,Documentos Transmission,
Semana 55,janeiro,01/01/26,Thursday,,,,,,,,,,,,,,,,,,23,21,79%,,  1.440.128 ,  1.131.581 ,  (308.547),5541890,5.710.842,103%,  1.440.128 ,  866.684 ,-573.444,FEITO,60%,,0,março
Semana 55,janeiro,01/02/26,Friday,,,,,,,,,,,,,,,,,,,,,,,,,,,,,,,FALTA,40%,,,
Semana 18,maio,05/01/26,Friday,,,,#REF!,#REF!,,#DIV/0!,#REF!,#REF!,#REF!,,,#DIV/0!,#REF!,#REF!,#REF!,,,,,,,,,,,,,,,,,,,
Semana 18,maio,05/02/26,Saturday,,,,#REF!,#REF!,,#DIV/0!,#REF!,#REF!,#REF!,,,#DIV/0!,#REF!,#REF!,#REF!,,,,,,,,,,,,,,,,,,,
Semana 19,maio,05/03/26,Sunday,,,,#REF!,#REF!,,#DIV/0!,#REF!,#REF!,#REF!,,,#DIV/0!,#REF!,#REF!,#REF!,,,,,,,,,,,,,,,,,,,
Semana 19,maio,05/04/26,Monday,,,83.563,#REF!,#REF!,  72.199 ,"86,4%",#REF!,#REF!,#REF!,  56.415 ,,68%,#REF!,#REF!,#REF!,,,,,,,,,,,,,,,,,,,
Semana 19,maio,05/05/26,Tuesday,,,83.563,#REF!,#REF!,  58.082 ,"69,5%",#REF!,#REF!,#REF!,  47.232 ,,57%,#REF!,#REF!,#REF!,,,,,,,,,,,,,,,,,,,
Semana 19,maio,05/06/26,Wednesday,,,83.563,#REF!,#REF!,  53.485 ,"64,0%",#REF!,#REF!,#REF!,  89.209 ,,107%,#REF!,#REF!,#REF!,,,,,,,,,,,,,,,,,,,
Semana 19,maio,05/07/26,Thursday,,,83.563,#REF!,#REF!,  53.653 ,"64,2%",#REF!,#REF!,#REF!,  60.744 ,,73%,#REF!,#REF!,#REF!,,,,,,,,,,,,,,,,,,,
Semana 19,maio,05/08/26,Friday,,,75.207,#REF!,#REF!,  66.790 ,"88,8%",#REF!,#REF!,#REF!,  122.792 ,,163%,#REF!,#REF!,#REF!,,,,,,,,,,,,,,,,,,,
Semana 19,maio,05/09/26,Saturday,,,,#REF!,#REF!,,#DIV/0!,#REF!,#REF!,#REF!,,,#DIV/0!,#REF!,#REF!,#REF!,,,,,,,,,,,,,,,,,,,
Semana 20,maio,05/10/26,Sunday,,,,#REF!,#REF!,,#DIV/0!,#REF!,#REF!,#REF!,,,#DIV/0!,#REF!,#REF!,#REF!,,,,,,,,,,,,,,,,,,,
Semana 20,maio,05/11/26,Monday,,,83.563,#REF!,#REF!,  187.747 ,"224,7%",#REF!,#REF!,#REF!,  76.590 ,,92%,#REF!,#REF!,#REF!,,,,,,,,,,,,,,,,,,,
Semana 20,maio,05/12/26,Tuesday,,,83.563,#REF!,#REF!,  110.853 ,"132,7%",#REF!,#REF!,#REF!,  89.335 ,,107%,#REF!,#REF!,#REF!,,,,,,,,,,,,,,,,,,,
Semana 20,maio,05/13/26,Wednesday,,,83.563,#REF!,#REF!,  143.133 ,"171,3%",#REF!,#REF!,#REF!,  8.145 ,,10%,#REF!,#REF!,#REF!,,,,,,,,,,,,,,,,,,,
Semana 20,maio,05/14/26,Thursday,,,83.563,#REF!,#REF!,  66.456 ,"79,5%",#REF!,#REF!,#REF!,  -   ,,0%,#REF!,#REF!,#REF!,,,,,,,,,,,,,,,,,,,
Semana 20,maio,05/15/26,Friday,,,75.207,#REF!,#REF!,  32.648 ,"43,4%",#REF!,#REF!,#REF!,  -   ,,0%,#REF!,#REF!,#REF!,,,,,,,,,,,,,,,,,,,
Semana 20,maio,05/16/26,Saturday,,,,#REF!,#REF!,,#DIV/0!,#REF!,#REF!,#REF!,,,#DIV/0!,#REF!,#REF!,#REF!,,,,,,,,,,,,,,,,,,,
Semana 21,maio,05/17/26,Sunday,,,,#REF!,#REF!,,#DIV/0!,#REF!,#REF!,#REF!,,,#DIV/0!,#REF!,#REF!,#REF!,,,,,,,,,,,,,,,,,,,
Semana 21,maio,05/18/26,Monday,,,83.563,#REF!,#REF!,  119.623 ,"143,2%",#REF!,#REF!,#REF!,  51.879 ,,62%,#REF!,#REF!,#REF!,,,,,,,,,,,,,,,,,,,
Semana 21,maio,05/19/26,Tuesday,,,83.563,#REF!,#REF!,  127.833 ,"153,0%",#REF!,#REF!,#REF!,  272.883 ,,327%,#REF!,#REF!,#REF!,,,,,,,,,,,,,,,,,,,
Semana 21,maio,05/20/26,Wednesday,,,83.563,#REF!,#REF!,  176.337 ,"211,0%",#REF!,#REF!,#REF!,  60.583 ,,72%,#REF!,#REF!,#REF!,,,,,,,,,,,,,,,,,,,
Semana 21,maio,05/21/26,Thursday,,,77.002,  77.002 ,  77.002 ,  97.049 ,"126,0%",97.049,97.049,126%,  88.203 ,,115%,#REF!,88203,#REF!,,,,,,,,,,,,,,,,,,,
Semana 21,maio,05/22/26,Friday,,,69.302,  146.304 ,  146.304 ,  96.025 ,"138,6%",193.074,193.074,132%,  123.089 ,,178%,#REF!,211292,#REF!,,,,,,,,,,,,,,,,,,,
Semana 21,maio,05/23/26,Saturday,,,,  146.304 ,  146.304 ,,#DIV/0!,193.074,193.074,132%,,,#DIV/0!,#REF!,211292,#REF!,,,,,,,,,,,,,,,,,,,
Semana 22,maio,05/24/26,Sunday,,,,  146.304 ,  146.304 ,,#DIV/0!,193.074,193.074,132%,,,#DIV/0!,#REF!,211292,#REF!,,,,,,,,,,,,,,,,,,,
Semana 22,maio,05/25/26,Monday,,,77.002,  223.306 ,  223.306 ,  23.835 ,"31,0%",216.909,216.909,97%,  136.570 ,,177%,#REF!,347862,#REF!,,,,,,,,,,,,,,,,,,,
Semana 22,maio,05/26/26,Tuesday,,,77.002,  300.308 ,  300.308 ,  130.210 ,"169,1%",347.119,347.119,116%,  159.164 ,,207%,#REF!,507026,#REF!,,,,,,,,,,,,,,,,,,,
Semana 22,maio,05/27/26,Wednesday,,,77.002,  377.310 ,  377.310 ,  33.365 ,"43,3%",380.484,380.484,101%,  -   ,,0%,#REF!,507026,#REF!,,,,,,,,,,,,,,,,,,,
Semana 22,maio,05/28/26,Thursday,,,77.002,  454.312 ,  454.312 ,  90.889 ,"118,0%",471.373,471.373,104%,  94.028 ,,122%,#REF!,601054,#REF!,,,,,,,,,,,,,,,,,,,
Semana 22,maio,05/29/26,Friday,,,69.302,  523.614 ,  523.614 ,  35.058 ,"50,6%",506.431,506.431,97%,  14.889 ,,21%,#REF!,615943,#REF!,,,,,,,,,,,,,,,,,,,
Semana 22,maio,05/30/26,Saturday,,,,  523.614 ,  523.614 ,,#DIV/0!,506.431,506.431,97%,,,#DIV/0!,#REF!,615943,#REF!,,,,,,,,,,,,,,,,,,,
Semana 23,maio,05/31/26,Sunday,,,,  523.614 ,  523.614 ,,#DIV/0!,506.431,506.431,97%,,,#DIV/0!,#REF!,615943,#REF!,,,,,,,,,,,,,,,,,,,
Semana 22,junho,06/01/26,Monday,,,77.002,  600.616 ,  600.616 ,  111.511 ,"144,8%",617.942,617.942,103%,  39.820 ,,52%,#REF!,655763,#REF!,,,,,,,,,,,,,,,,,,,
Semana 23,junho,06/02/26,Tuesday,,,77.002,  677.618 ,  677.618 ,  155.530 ,"202,0%",773.472,773.472,114%,  69.132 ,,90%,#REF!,724895,#REF!,,,,,,,,,,,,,,,,,,,
Semana 23,junho,06/03/26,Wednesday,,,77.002,  754.620 ,  754.620 ,  123.720 ,"160,7%",897.192,897.192,119%,  111.053 ,,144%,#REF!,835948,#REF!,,,,,,,,,,,,,,,,,,,
Semana 23,junho,06/04/26,Thursday,,,,  754.620 ,  754.620 ,,#DIV/0!,897.192,897.192,119%,  82.702 ,,#DIV/0!,#REF!,918650,#REF!,,,,,,,,,,,,,,,,,,,
Semana 23,junho,06/05/26,Friday,,,69.302,  823.922 ,  823.922 ,  113.149 ,"163,3%",1.010.341,1.010.341,123%,  30.788 ,,44%,#REF!,949438,#REF!,,,,,,,,,,,,,,,,,,,
Semana 23,junho,06/06/26,Saturday,,,,  823.922 ,  823.922 ,,#DIV/0!,1.010.341,1.010.341,123%,  57.444 ,,#DIV/0!,#REF!,1006882,#REF!,,,,,,,,,,,,,,,,,,,
Semana 23,junho,06/07/26,Sunday,,,,  823.922 ,  823.922 ,,#DIV/0!,1.010.341,1.010.341,123%,,,#DIV/0!,#REF!,1006882,#REF!,,,,,,,,,,,,,,,,,,,
Semana 23,junho,06/08/26,Monday,,,77.002,  900.924 ,  900.924 ,  137.777 ,"178,9%",1.148.118,1.148.118,127%,  18.265 ,,24%,#REF!,1025147,#REF!,,,,,,,,,,,,,,,,,,,
Semana 24,junho,06/09/26,Tuesday,,,77.002,  977.926 ,  977.926 ,  177.836 ,"230,9%",1.325.954,1.325.954,136%,  67.633 ,,88%,#REF!,1092780,#REF!,,,,,,,,,,,,,,,,,,,
Semana 24,junho,06/10/26,Wednesday,,,77.002,  1.054.928 ,  1.054.928 ,  161.023 ,"209,1%",1.486.977,1.486.977,141%,  40.871 ,,53%,#REF!,1133651,#REF!,,,,,,,,,,,,,,,,,,,
Semana 24,junho,06/11/26,Thursday,,,77.002,  1.131.930 ,  1.131.930 ,  99.868 ,"129,7%",1.586.845,1.586.845,140%,  59.290 ,,77%,#REF!,1192941,#REF!,,,,,,,,,,,,,,,,,,,
Semana 24,junho,06/12/26,Friday,,,69.302,  1.201.232 ,  1.201.232 ,  70.741 ,"102,1%",1.657.586,1.657.586,138%,  86.269 ,,124%,#REF!,1279210,#REF!,,,,,,,,,,,,,,,,,,,
Semana 24,junho,06/13/26,Saturday,,,,  1.201.232 ,  1.201.232 ,,#DIV/0!,1.657.586,1.657.586,138%,  108.397 ,,#DIV/0!,#REF!,1387607,#REF!,,,,,,,,,,,,,,,,,,,
Semana 24,junho,06/14/26,Sunday,,,,  1.201.232 ,  1.201.232 ,,#DIV/0!,1.657.586,1.657.586,138%,  113.462 ,,#DIV/0!,#REF!,1501069,#REF!,,,,,,,,,,,,,,,,,,,
Semana 24,junho,06/15/26,Monday,,,77.002,  1.278.234 ,  1.278.234 ,  76.242 ,"99,0%",1.733.828,1.733.828,136%,  52.813 ,,69%,#REF!,1553882,#REF!,,,,,,,,,,,,,,,,,,,
Semana 25,junho,06/16/26,Tuesday,,,77.002,  1.355.236 ,  1.355.236 ,  36.182 ,"47,0%",1.770.010,1.770.010,131%,  65.412 ,,85%,#REF!,1619294,#REF!,,,,,,,,,,,,,,,,,,,
Semana 25,junho,06/17/26,Wednesday,,,77.002,  1.432.238 ,  1.432.238 ,  37.234 ,"48,4%",1.807.244,1.807.244,126%,  133.631 ,,174%,#REF!,1752925,#REF!,,,,,,,,,,,,,,,,,,,
Semana 25,junho,06/18/26,Thursday,,,77.002,  1.509.240 ,  1.509.240 ,  13.385 ,"17,4%",1.820.629,1.820.629,121%,  110.293 ,,143%,#REF!,1863218,#REF!,,,,,,,,,,,,,,,,,,,
Semana 25,junho,06/19/26,Friday,,,69.302,  1.578.542 ,  1.578.542 ,  -   ,"0,0%",1.820.629,1.820.629,115%,  104.029 ,,150%,#REF!,1967247,#REF!,,,,,,,,,,,,,,,,,,,
Semana 25,junho,06/20/26,Saturday,,,,  1.578.542 ,  1.578.542 ,,#DIV/0!,1.820.629,1.820.629,115%,,,#DIV/0!,#REF!,1967247,#REF!,,,,,,,,,,,,,,,,,,,
Semana 25,junho,06/21/26,Sunday,,,,  1.578.542 ,  1.578.542 ,,#DIV/0!,1.820.629,,115%,,,#DIV/0!,#REF!,1967247,#REF!,,,,,,,,,,,,,,,,,,,
Semana 25,junho,06/22/26,Monday,,,88.041,  1.666.583 ,  88.041 ,  115.750 ,"131,5%",1.936.379,115.750,116%,  64.699 ,,73%,#REF!,64699,#REF!,,,,,,,,,,,,,,,,,,,
Semana 26,junho,06/23/26,Tuesday,,,88.041,  1.754.624 ,  176.082 ,  102.507 ,"116,4%",2.038.886,218.257,116%,  111.143 ,,126%,#REF!,175842,#REF!,,,,,,,,,,,,,,,,,,,
Semana 26,junho,06/24/26,Wednesday,,,88.041,  1.842.665 ,  264.123 ,  123.936 ,"140,8%",2.162.822,342.193,117%,  50.812 ,,58%,#REF!,226654,#REF!,,,,,,,,,,,,,,,,,,,
Semana 26,junho,06/25/26,Thursday,,,88.041,  1.930.706 ,  352.164 ,  124.840 ,"141,8%",2.287.662,467.033,118%,  125.339 ,,142%,#REF!,351993,#REF!,,,,,,,,,,,,,,,,,,,
Semana 26,junho,06/26/26,Friday,,,79.237,  2.009.943 ,  431.401 ,  99.519 ,"125,6%",2.387.181,566.552,119%,  118.429 ,,149%,#REF!,470422,#REF!,,,,,,,,,,,,,,,,,,,
Semana 26,junho,06/27/26,Saturday,,,,  2.009.943 ,  431.401 ,,#DIV/0!,2.387.181,566.552,119%,,,#DIV/0!,#REF!,470422,#REF!,,,,,,,,,,,,,,,,,,,
Semana 26,junho,06/28/26,Sunday,,,,  2.009.943 ,  431.401 ,,#DIV/0!,2.387.181,566.552,119%,,,#DIV/0!,#REF!,470422,#REF!,,,,,,,,,,,,,,,,,,,
Semana 26,junho,06/29/26,Monday,,,88.041,  2.097.984 ,  519.442 ,  67.101 ,"76,2%",2.454.282,633.653,117%,  45.676 ,,52%,#REF!,516098,#REF!,,,,,,,,,,,,,,,,,,,
Semana 27,junho,06/30/26,Tuesday,,,88.041,  2.186.025 ,  607.483 ,  87.229 ,"99,1%",2.541.511,720.882,116%,  114.589 ,,130%,#REF!,630687,#REF!,,,,,,,,,,,,,,,,,,,
Semana 27,julho,07/01/26,Wednesday,,,88.041,  2.274.066 ,  695.524 ,  104.654 ,"118,9%",2.646.165,825.536,116%,  46.074 ,,52%,#REF!,676761,#REF!,,,,,,,,,,,,,,,,,,,
Semana 27,julho,07/02/26,Thursday,,,88.041,  2.362.107 ,  783.565 ,  85.404 ,"97,0%",2.731.569,910.940,116%,  105.823 ,,120%,#REF!,782584,#REF!,,,,,,,,,,,,,,,,,,,
Semana 27,julho,07/03/26,Friday,,,79.237,  2.441.344 ,  862.802 ,  78.948 ,"99,6%",2.810.517,989.888,115%,  128.180 ,,162%,#REF!,910764,#REF!,,,,,,,,,,,,,,,,,,,
Semana 27,julho,07/04/26,Saturday,,,,  2.441.344 ,  862.802 ,,#DIV/0!,2.810.517,989.888,115%,  105.045 ,,#DIV/0!,#REF!,1015809,#REF!,,,,,,,,,,,,,,,,,,,
Semana 27,julho,07/05/26,Sunday,,,,  2.441.344 ,  862.802 ,,#DIV/0!,2.810.517,989.888,115%,  87.063 ,,#DIV/0!,#REF!,1102872,#REF!,,,,,,,,,,,,,,,,,,,
Semana 27,julho,07/06/26,Monday,,,88.041,  2.529.385 ,  950.843 ,  66.468 ,"75,5%",2.876.985,1.056.356,114%,  59.294 ,,67%,#REF!,1162166,#REF!,,,,,,,,,,,,,,,,,,,
Semana 28,julho,07/07/26,Tuesday,,,88.041,  2.617.426 ,  1.038.884 ,  56.679 ,"64,4%",2.933.664,1.113.035,112%,  48.448 ,,55%,#REF!,1210614,#REF!,,,,,,,,,,,,,,,,,,,
Semana 28,julho,07/08/26,Wednesday,,,88.041,  2.705.467 ,  1.126.925 ,  61.215 ,"69,5%",2.994.879,1.174.250,111%,  60.433 ,,69%,#REF!,1271047,#REF!,,,,,,,,,,,,,,,,,,,
Semana 28,julho,07/09/26,Thursday,,,88.041,  2.793.508 ,  1.214.966 ,,"0,0%",2.994.879,1.174.250,107%,,,0%,#REF!,1271047,#REF!,,,,,,,,,,,,,,,,,,,
Semana 28,julho,07/10/26,Friday,,,79.237,  2.872.745 ,  1.294.203 ,  59.814 ,"75,5%",3.054.693,1.234.064,106%,  21.228 ,,27%,#REF!,1292275,#REF!,,,,,,,,,,,,,,,,,,,
Semana 28,julho,07/11/26,Saturday,,,,  2.872.745 ,  1.294.203 ,,#DIV/0!,3.054.693,1.234.064,106%,,,#DIV/0!,#REF!,1292275,#REF!,,,,,,,,,,,,,,,,,,,
Semana 29,julho,07/12/26,Sunday,,,,  2.872.745 ,  1.294.203 ,,#DIV/0!,3.054.693,1.234.064,106%,,,#DIV/0!,#REF!,1292275,#REF!,,,,,,,,,,,,,,,,,,,
Semana 29,julho,07/13/26,Monday,,,88.041,  2.960.786 ,  1.382.244 ,88.041,"100,0%",3.142.734,1.322.105,106%,  58.270 ,,66%,#REF!,1350545,#REF!,,,,,,,,,,,,,,,,,,,
Semana 29,julho,07/14/26,Tuesday,,,88.041,  3.048.827 ,  1.470.285 ,88.041,"100,0%",3.230.775,1.410.146,106%,  129.417 ,,147%,#REF!,1479962,#REF!,,,,,,,,,,,,,,,,,,,
Semana 29,julho,07/15/26,Wednesday,,,88.041,  3.136.868 ,  1.558.326 ,88.041,"100,0%",3.318.816,1.498.187,106%,  134.679 ,,153%,#REF!,1614641,#REF!,,,,,,,,,,,,,,,,,,,
Semana 29,julho,07/16/26,Thursday,,,88.041,  3.224.909 ,  1.646.367 ,88.041,"100,0%",3.406.857,1.586.228,106%,  106.663 ,,121%,#REF!,1721304,#REF!,,,,,,,,,,,,,,,,,,,
Semana 29,julho,07/17/26,Friday,,,79.237,  3.304.146 ,  1.725.604 ,  61.650 ,"77,8%",3.468.507,1.647.878,105%,  106.422 ,,134%,#REF!,1827726,#REF!,,,,,,,,,,,,,,,,,,,
Semana 29,julho,07/18/26,Saturday,,,,  3.304.146 ,  1.725.604 ,,#DIV/0!,3.468.507,1.647.878,105%,,,#DIV/0!,#REF!,1827726,#REF!,,,,,,,,,,,,,,,,,,,
Semana 30,julho,07/19/26,Sunday,,,,  3.304.146 ,  1.725.604 ,,#DIV/0!,3.468.507,1.647.878,105%,,,#DIV/0!,#REF!,1827726,#REF!,,,,,,,,,,,,,,,,,,,
Semana 30,julho,07/20/26,Monday,,,88.041,  3.392.187 ,  1.813.645 ,  45.784 ,"52,0%",3.514.291,1.693.662,104%,  -   ,,0%,#REF!,1827726,#REF!,,,,,,,,,,,,,,,,,,,
Semana 30,julho,07/21/26,Tuesday,,,73.476,  3.465.663 ,  73.476 ,  89.620 ,"122,0%",3.603.911,89.620,104%,  33.268 ,,45%,#REF!,33268,#REF!,,,,,,,,,,,,,,,,,,,
Semana 30,julho,07/22/26,Wednesday,,,73.476,  3.539.139 ,  146.952 ,  78.754 ,"107,2%",3.682.665,168.374,104%,  38.828 ,,53%,#REF!,72096,#REF!,,,,,,,,,,,,,,,,,,,
Semana 30,julho,07/23/26,Thursday,,,73.476,  3.612.615 ,  220.428 ,  86.651 ,"117,9%",3.769.316,255.025,104%,  72.000 ,,98%,#REF!,144096,#REF!,,,,,,,,,,,,,,,,,,,
Semana 30,julho,07/24/26,Friday,,,66.128,  3.678.743 ,  286.556 ,  71.788 ,"108,6%",3.841.104,326.813,104%,  53.460 ,,81%,#REF!,197556,#REF!,,,,,,,,,,,,,,,,,,,
Semana 30,julho,07/25/26,Saturday,,,,  3.678.743 ,  286.556 ,,#DIV/0!,3.841.104,326.813,104%,,,#DIV/0!,#REF!,197556,#REF!,,,,,,,,,,,,,,,,,,,
Semana 31,julho,07/26/26,Sunday,,,,  3.678.743 ,  286.556 ,,#DIV/0!,3.841.104,326.813,104%,,,#DIV/0!,#REF!,197556,#REF!,,,,,,,,,,,,,,,,,,,
Semana 31,julho,07/27/26,Monday,,,73.476,  3.752.219 ,  360.032 ,  31.562 ,"43,0%",3.872.666,358.375,103%,  -   ,,0%,#REF!,197556,#REF!,,,,,,,,,,,,,,,,,,,
Semana 31,julho,07/28/26,Tuesday,,,73.476,  3.825.695 ,  433.508 ,  44.445 ,"60,5%",3.917.111,402.820,102%,  -   ,,0%,#REF!,197556,#REF!,,,,,,,,,,,,,,,,,,,
Semana 31,julho,07/29/26,Wednesday,,,73.476,  3.899.171 ,  506.984 ,  35.249 ,"48,0%",3.952.360,438.069,101%,  -   ,,0%,#REF!,197556,#REF!,,,,,,,,,,,,,,,,,,,
Semana 31,julho,07/30/26,Thursday,,,73.476,  3.972.647 ,  580.460 ,  72.746 ,"99,0%",4.025.106,510.815,101%,  -   ,,0%,#REF!,197556,#REF!,,,,,,,,,,,,,,,,,,,
Semana 31,julho,07/31/26,Friday,,,66.128,  4.038.775 ,  646.588 ,  74.512 ,"112,7%",4.099.618,585.327,102%,  78.699 ,,119%,#REF!,276255,#REF!,,,,,,,,,,,,,,,,,,,
Semana 31,agosto,08/01/26,Saturday,,,,  4.038.775 ,  646.588 ,,#DIV/0!,4.099.618,585.327,102%,,,#DIV/0!,#REF!,276255,#REF!,,,,,,,,,,,,,,,,,,,
Semana 32,agosto,08/02/26,Sunday,,,,  4.038.775 ,  646.588 ,,#DIV/0!,4.099.618,585.327,102%,,,#DIV/0!,#REF!,276255,#REF!,,,,,,,,,,,,,,,,,,,
Semana 32,agosto,08/03/26,Monday,,,73.476,  4.112.251 ,  720.064 ,  76.312 ,"103,9%",4.175.930,661.639,102%,  63.068 ,,86%,#REF!,339323,#REF!,,,,,,,,,,,,,,,,,,,
Semana 32,agosto,08/04/26,Tuesday,,,73.476,  4.185.727 ,  793.540 ,  55.121 ,"75,0%",4.231.051,716.760,101%,  3.562 ,,5%,#REF!,342885,#REF!,,,,,,,,,,,,,,,,,,,
Semana 32,agosto,08/05/26,Wednesday,,,73.476,  4.259.203 ,  867.016 ,  67.685 ,"92,1%",4.298.736,784.445,101%,  169.763 ,,231%,#REF!,512648,#REF!,,,,,,,,,,,,,,,,,,,
Semana 32,agosto,08/06/26,Thursday,,,73.476,  4.332.679 ,  940.492 ,  98.823 ,"134,5%",4.397.559,883.268,101%,  57.917 ,,79%,#REF!,570565,#REF!,,,,,,,,,,,,,,,,,,,
Semana 32,agosto,08/07/26,Friday,,,66.128,  4.398.807 ,  1.006.620 ,  -   ,"0,0%",4.397.559,883.268,100%,  47.608 ,,72%,#REF!,618173,#REF!,,,,,,,,,,,,,,,,,,,
Semana 32,agosto,08/08/26,Saturday,,,,  4.398.807 ,  1.006.620 ,,#DIV/0!,4.397.559,883.268,100%,,,#DIV/0!,#REF!,618173,#REF!,,,,,,,,,,,,,,,,,,,
Semana 33,agosto,08/09/26,Sunday,,,,  4.398.807 ,  1.006.620 ,,#DIV/0!,4.397.559,883.268,100%,,,#DIV/0!,#REF!,618173,#REF!,,,,,,,,,,,,,,,,,,,
Semana 33,agosto,08/10/26,Monday,,,73.476,  4.472.283 ,  1.080.096 ,  44.444 ,"60,5%",4.442.003,927.712,99%,  20.874 ,,28%,#REF!,639047,#REF!,,,,,,,,,,,,,,,,,,,
Semana 33,agosto,08/11/26,Tuesday,,,73.476,  4.545.759 ,  1.153.572 ,  54.884 ,"74,7%",4.496.887,982.596,99%,  72.767 ,,99%,#REF!,711814,#REF!,,,,,,,,,,,,,,,,,,,
Semana 33,agosto,08/12/26,Wednesday,,,73.476,  4.619.235 ,  1.227.048 ,  45.844 ,"62,4%",4.542.731,1.028.440,98%,  -   ,,0%,#REF!,711814,#REF!,,,,,,,,,,,,,,,,,,,
Semana 33,agosto,08/13/26,Thursday,,,73.476,  4.692.711 ,  1.300.524 ,  15.842 ,"21,6%",4.558.573,1.044.282,97%,  68.367 ,,93%,#REF!,780181,#REF!,,,,,,,,,,,,,,,,,,,
Semana 33,agosto,08/14/26,Friday,,,66.128,  4.758.839 ,  1.366.652 ,  32.555 ,"49,2%",4.591.128,1.076.837,96%,  36.810 ,,56%,#REF!,816991,#REF!,,,,,,,,,,,,,,,,,,,
Semana 33,agosto,08/15/26,Saturday,,,,  4.758.839 ,  1.366.652 ,,#DIV/0!,4.591.128,1.076.837,96%,,,#DIV/0!,#REF!,816991,#REF!,,,,,,,,,,,,,,,,,,,
Semana 34,agosto,08/16/26,Sunday,,,,  4.758.839 ,  1.366.652 ,,#DIV/0!,4.591.128,1.076.837,96%,,,#DIV/0!,#REF!,816991,#REF!,,,,,,,,,,,,,,,,,,,
Semana 34,agosto,08/17/26,Monday,,,73.476,  4.832.315 ,  1.440.128 ,  54.744 ,"74,5%",4.645.872,1.131.581,96%,  49.693 ,,68%,#REF!,866684,#REF!,,,,,,,,,,,,,,,,,,,
Semana 34,agosto,08/18/26,Tuesday,,,73.476,  4.905.791 ,  1.513.604 ,,"0,0%",4.645.872,1.131.581,95%,,,0%,#REF!,866684,#REF!,,,,,,,,,,,,,,,,,,,
Semana 34,agosto,08/19/26,Wednesday,,,73.476,  4.979.267 ,  1.587.080 ,,"0,0%",4.645.872,1.131.581,93%,,,0%,#REF!,866684,#REF!,,,,,,,,,,,,,,,,,,,
Semana 34,agosto,08/20/26,Thursday,,,73.476,  5.052.743 ,  1.660.556 ,,"0,0%",4.645.872,1.131.581,92%,,,0%,#REF!,866684,#REF!,,,,,,,,,,,,,,,,,,,
Semana 34,agosto,08/21/26,Friday,,,,  5.052.743 ,  1.660.556 ,,#DIV/0!,4.645.872,1.131.581,92%,,,#DIV/0!,#REF!,866684,#REF!,,,,,,,,,,,,,,,,,,,
Semana 34,agosto,08/22/26,Saturday,,,,  5.052.743 ,  1.660.556 ,,#DIV/0!,4.645.872,1.131.581,92%,,,#DIV/0!,#REF!,866684,#REF!,,,,,,,,,,,,,,,,,,,
Semana 35,agosto,08/23/26,Sunday,,,,  5.052.743 ,  1.660.556 ,,#DIV/0!,4.645.872,1.131.581,92%,,,#DIV/0!,#REF!,866684,#REF!,,,,,,,,,,,,,,,,,,,
Semana 35,agosto,08/24/26,Monday,,,,  5.052.743 ,  1.660.556 ,,#DIV/0!,4.645.872,1.131.581,92%,,,#DIV/0!,#REF!,866684,#REF!,,,,,,,,,,,,,,,,,,,
Semana 35,agosto,08/25/26,Tuesday,,,,  5.052.743 ,  1.660.556 ,,#DIV/0!,4.645.872,1.131.581,92%,,,#DIV/0!,#REF!,866684,#REF!,,,,,,,,,,,,,,,,,,,
Semana 35,agosto,08/26/26,Wednesday,,,,  5.052.743 ,  1.660.556 ,,#DIV/0!,4.645.872,1.131.581,92%,,,#DIV/0!,#REF!,866684,#REF!,,,,,,,,,,,,,,,,,,,
Semana 35,agosto,08/27/26,Thursday,,,,  5.052.743 ,  1.660.556 ,,#DIV/0!,4.645.872,1.131.581,92%,,,#DIV/0!,#REF!,866684,#REF!,,,,,,,,,,,,,,,,,,,
Semana 35,agosto,08/28/26,Friday,,,,  5.052.743 ,  1.660.556 ,,#DIV/0!,4.645.872,1.131.581,92%,,,#DIV/0!,#REF!,866684,#REF!,,,,,,,,,,,,,,,,,,,
Semana 35,agosto,08/29/26,Saturday,,,,  5.052.743 ,  1.660.556 ,,#DIV/0!,4.645.872,1.131.581,92%,,,#DIV/0!,#REF!,866684,#REF!,,,,,,,,,,,,,,,,,,,
Semana 36,agosto,08/30/26,Sunday,,,,  5.052.743 ,  1.660.556 ,,#DIV/0!,4.645.872,1.131.581,92%,,,#DIV/0!,#REF!,866684,#REF!,,,,,,,,,,,,,,,,,,,
Semana 36,agosto,08/31/26,Monday,,,,  5.052.743 ,  1.660.556 ,,#DIV/0!,4.645.872,1.131.581,92%,,,#DIV/0!,#REF!,866684,#REF!,,,,,,,,,,,,,,,,,,,
Semana 36,setembro,09/01/26,Tuesday,,,,  5.052.743 ,  1.660.556 ,,#DIV/0!,4.645.872,1.131.581,92%,,,#DIV/0!,#REF!,866684,#REF!,,,,,,,,,,,,,,,,,,,
Semana 36,setembro,09/02/26,Wednesday,,,,  5.052.743 ,  1.660.556 ,,#DIV/0!,4.645.872,1.131.581,92%,,,#DIV/0!,#REF!,866684,#REF!,,,,,,,,,,,,,,,,,,,
Semana 36,setembro,09/03/26,Thursday,,,,  5.052.743 ,  1.660.556 ,,#DIV/0!,4.645.872,1.131.581,92%,,,#DIV/0!,#REF!,866684,#REF!,,,,,,,,,,,,,,,,,,,
Semana 36,setembro,09/04/26,Friday,,,,  5.052.743 ,  1.660.556 ,,#DIV/0!,4.645.872,1.131.581,92%,,,#DIV/0!,#REF!,866684,#REF!,,,,,,,,,,,,,,,,,,,
Semana 36,setembro,09/05/26,Saturday,,,,  5.052.743 ,  1.660.556 ,,#DIV/0!,4.645.872,1.131.581,92%,,,#DIV/0!,#REF!,866684,#REF!,,,,,,,,,,,,,,,,,,,
Semana 37,setembro,09/06/26,Sunday,,,,  5.052.743 ,  1.660.556 ,,#DIV/0!,4.645.872,1.131.581,92%,,,#DIV/0!,#REF!,866684,#REF!,,,,,,,,,,,,,,,,,,,
Semana 37,setembro,09/07/26,Monday,,,,  5.052.743 ,  1.660.556 ,,#DIV/0!,4.645.872,1.131.581,92%,,,#DIV/0!,#REF!,866684,#REF!,,,,,,,,,,,,,,,,,,,
Semana 37,setembro,09/08/26,Tuesday,,,,  5.052.743 ,  1.660.556 ,,#DIV/0!,4.645.872,1.131.581,92%,,,#DIV/0!,#REF!,866684,#REF!,,,,,,,,,,,,,,,,,,,
Semana 37,setembro,09/09/26,Wednesday,,,,  5.052.743 ,  1.660.556 ,,#DIV/0!,4.645.872,1.131.581,92%,,,#DIV/0!,#REF!,866684,#REF!,,,,,,,,,,,,,,,,,,,
Semana 37,setembro,09/10/26,Thursday,,,,  5.052.743 ,  1.660.556 ,,#DIV/0!,4.645.872,1.131.581,92%,,,#DIV/0!,#REF!,866684,#REF!,,,,,,,,,,,,,,,,,,,
Semana 37,setembro,09/11/26,Friday,,,,  5.052.743 ,  1.660.556 ,,#DIV/0!,4.645.872,1.131.581,92%,,,#DIV/0!,#REF!,866684,#REF!,,,,,,,,,,,,,,,,,,,
Semana 37,setembro,09/12/26,Saturday,,,,  5.052.743 ,  1.660.556 ,,#DIV/0!,4.645.872,1.131.581,92%,,,#DIV/0!,#REF!,866684,#REF!,,,,,,,,,,,,,,,,,,,
Semana 38,setembro,09/13/26,Sunday,,,,  5.052.743 ,  1.660.556 ,,#DIV/0!,4.645.872,1.131.581,92%,,,#DIV/0!,#REF!,866684,#REF!,,,,,,,,,,,,,,,,,,,
Semana 52,setembro,09/14/26,Monday,,,,  5.052.743 ,  1.660.556 ,,#DIV/0!,4.645.872,1.131.581,92%,,,#DIV/0!,#REF!,866684,#REF!,,,,,,,,,,,,,,,,,,,
Semana 52,setembro,09/15/26,Tuesday,,,,  5.052.743 ,  1.660.556 ,,#DIV/0!,4.645.872,1.131.581,92%,,,#DIV/0!,#REF!,866684,#REF!,,,,,,,,,,,,,,,,,,,
Semana 52,setembro,09/16/26,Wednesday,,,,  5.052.743 ,  1.660.556 ,,#DIV/0!,4.645.872,1.131.581,92%,,,#DIV/0!,#REF!,866684,#REF!,,,,,,,,,,,,,,,,,,,
Semana 52,setembro,09/17/26,Thursday,,,,  5.052.743 ,  1.660.556 ,,#DIV/0!,4.645.872,1.131.581,92%,,,#DIV/0!,#REF!,866684,#REF!,,,,,,,,,,,,,,,,,,,
Semana 52,setembro,09/18/26,Friday,,,,  5.052.743 ,  1.660.556 ,,#DIV/0!,4.645.872,1.131.581,92%,,,#DIV/0!,#REF!,866684,#REF!,,,,,,,,,,,,,,,,,,,
Semana 52,setembro,09/19/26,Saturday,,,,  5.052.743 ,  1.660.556 ,,#DIV/0!,4.645.872,1.131.581,92%,,,#DIV/0!,#REF!,866684,#REF!,,,,,,,,,,,,,,,,,,,
Semana 52,setembro,09/20/26,Sunday,,,,  5.052.743 ,  1.660.556 ,,#DIV/0!,4.645.872,1.131.581,92%,,,#DIV/0!,#REF!,866684,#REF!,,,,,,,,,,,,,,,,,,,
Semana 52,setembro,09/21/26,Monday,,,,  5.052.743 ,  1.660.556 ,,#DIV/0!,4.645.872,1.131.581,92%,,,#DIV/0!,#REF!,866684,#REF!,,,,,,,,,,,,,,,,,,,
Semana 52,setembro,09/22/26,Tuesday,,,,  5.052.743 ,  1.660.556 ,,#DIV/0!,4.645.872,1.131.581,92%,,,#DIV/0!,#REF!,866684,#REF!,,,,,,,,,,,,,,,,,,,
Semana 52,setembro,09/23/26,Wednesday,,,,  5.052.743 ,  1.660.556 ,,#DIV/0!,4.645.872,1.131.581,92%,,,#DIV/0!,#REF!,866684,#REF!,,,,,,,,,,,,,,,,,,,
Semana 52,setembro,09/24/26,Thursday,,,,  5.052.743 ,  1.660.556 ,,#DIV/0!,4.645.872,1.131.581,92%,,,#DIV/0!,#REF!,866684,#REF!,,,,,,,,,,,,,,,,,,,
Semana 52,setembro,09/25/26,Friday,,,,  5.052.743 ,  1.660.556 ,,#DIV/0!,4.645.872,1.131.581,92%,,,#DIV/0!,#REF!,866684,#REF!,,,,,,,,,,,,,,,,,,,
Semana 52,setembro,09/26/26,Saturday,,,,  5.052.743 ,  1.660.556 ,,#DIV/0!,4.645.872,1.131.581,92%,,,#DIV/0!,#REF!,866684,#REF!,,,,,,,,,,,,,,,,,,,
Semana 52,setembro,09/27/26,Sunday,,,,  5.052.743 ,  1.660.556 ,,#DIV/0!,4.645.872,1.131.581,92%,,,#DIV/0!,#REF!,866684,#REF!,,,,,,,,,,,,,,,,,,,
Semana 52,setembro,09/28/26,Monday,,,,  5.052.743 ,  1.660.556 ,,#DIV/0!,4.645.872,1.131.581,92%,,,#DIV/0!,#REF!,866684,#REF!,,,,,,,,,,,,,,,,,,,
Semana 52,setembro,09/29/26,Tuesday,,,,  5.052.743 ,  1.660.556 ,,#DIV/0!,4.645.872,1.131.581,92%,,,#DIV/0!,#REF!,866684,#REF!,,,,,,,,,,,,,,,,,,,
Semana 52,setembro,09/30/26,Wednesday,,,,  5.052.743 ,  1.660.556 ,,#DIV/0!,4.645.872,1.131.581,92%,,,#DIV/0!,#REF!,866684,#REF!,,,,,,,,,,,,,,,,,,,
Semana 52,outubro,10/01/26,Thursday,,,,  5.052.743 ,  1.660.556 ,,#DIV/0!,4.645.872,1.131.581,92%,,,#DIV/0!,#REF!,866684,#REF!,,,,,,,,,,,,,,,,,,,
Semana 52,outubro,10/02/26,Friday,,,,  5.052.743 ,  1.660.556 ,,#DIV/0!,4.645.872,1.131.581,92%,,,#DIV/0!,#REF!,866684,#REF!,,,,,,,,,,,,,,,,,,,
Semana 52,outubro,10/03/26,Saturday,,,,  5.052.743 ,  1.660.556 ,,#DIV/0!,4.645.872,1.131.581,92%,,,#DIV/0!,#REF!,866684,#REF!,,,,,,,,,,,,,,,,,,,
Semana 52,outubro,10/04/26,Sunday,,,,  5.052.743 ,  1.660.556 ,,#DIV/0!,4.645.872,1.131.581,92%,,,#DIV/0!,#REF!,866684,#REF!,,,,,,,,,,,,,,,,,,,
Semana 52,outubro,10/05/26,Monday,,,,  5.052.743 ,  1.660.556 ,,#DIV/0!,4.645.872,1.131.581,92%,,,#DIV/0!,#REF!,866684,#REF!,,,,,,,,,,,,,,,,,,,
Semana 52,outubro,10/06/26,Tuesday,,,,  5.052.743 ,  1.660.556 ,,#DIV/0!,4.645.872,1.131.581,92%,,,#DIV/0!,#REF!,866684,#REF!,,,,,,,,,,,,,,,,,,,
Semana 52,outubro,10/07/26,Wednesday,,,,  5.052.743 ,  1.660.556 ,,#DIV/0!,4.645.872,1.131.581,92%,,,#DIV/0!,#REF!,866684,#REF!,,,,,,,,,,,,,,,,,,,
Semana 52,outubro,10/08/26,Thursday,,,,  5.052.743 ,  1.660.556 ,,#DIV/0!,4.645.872,1.131.581,92%,,,#DIV/0!,#REF!,866684,#REF!,,,,,,,,,,,,,,,,,,,
Semana 52,outubro,10/09/26,Friday,,,,  5.052.743 ,  1.660.556 ,,#DIV/0!,4.645.872,1.131.581,92%,,,#DIV/0!,#REF!,866684,#REF!,,,,,,,,,,,,,,,,,,,
Semana 52,outubro,10/10/26,Saturday,,,,  5.052.743 ,  1.660.556 ,,#DIV/0!,4.645.872,1.131.581,92%,,,#DIV/0!,#REF!,866684,#REF!,,,,,,,,,,,,,,,,,,,
Semana 52,outubro,10/11/26,Sunday,,,,  5.052.743 ,  1.660.556 ,,#DIV/0!,4.645.872,1.131.581,92%,,,#DIV/0!,#REF!,866684,#REF!,,,,,,,,,,,,,,,,,,,
Semana 52,outubro,10/12/26,Monday,,,,  5.052.743 ,  1.660.556 ,,#DIV/0!,4.645.872,1.131.581,92%,,,#DIV/0!,#REF!,866684,#REF!,,,,,,,,,,,,,,,,,,,
Semana 52,outubro,10/13/26,Tuesday,,,,  5.052.743 ,  1.660.556 ,,#DIV/0!,4.645.872,1.131.581,92%,,,#DIV/0!,#REF!,866684,#REF!,,,,,,,,,,,,,,,,,,,
Semana 52,outubro,10/14/26,Wednesday,,,,  5.052.743 ,  1.660.556 ,,#DIV/0!,4.645.872,1.131.581,92%,,,#DIV/0!,#REF!,866684,#REF!,,,,,,,,,,,,,,,,,,,
Semana 52,outubro,10/15/26,Thursday,,,,  5.052.743 ,  1.660.556 ,,#DIV/0!,4.645.872,1.131.581,92%,,,#DIV/0!,#REF!,866684,#REF!,,,,,,,,,,,,,,,,,,,
Semana 52,outubro,10/16/26,Friday,,,,  5.052.743 ,  1.660.556 ,,#DIV/0!,4.645.872,1.131.581,92%,,,#DIV/0!,#REF!,866684,#REF!,,,,,,,,,,,,,,,,,,,
Semana 52,outubro,10/17/26,Saturday,,,,  5.052.743 ,  1.660.556 ,,#DIV/0!,4.645.872,1.131.581,92%,,,#DIV/0!,#REF!,866684,#REF!,,,,,,,,,,,,,,,,,,,
Semana 52,outubro,10/18/26,Sunday,,,,  5.052.743 ,  1.660.556 ,,#DIV/0!,4.645.872,1.131.581,92%,,,#DIV/0!,#REF!,866684,#REF!,,,,,,,,,,,,,,,,,,,
Semana 52,outubro,10/19/26,Monday,,,,  5.052.743 ,  1.660.556 ,,#DIV/0!,4.645.872,1.131.581,92%,,,#DIV/0!,#REF!,866684,#REF!,,,,,,,,,,,,,,,,,,,
Semana 52,outubro,10/20/26,Tuesday,,,,  5.052.743 ,  1.660.556 ,,#DIV/0!,4.645.872,1.131.581,92%,,,#DIV/0!,#REF!,866684,#REF!,,,,,,,,,,,,,,,,,,,
Semana 52,outubro,10/21/26,Wednesday,,,,  5.052.743 ,  1.660.556 ,,#DIV/0!,4.645.872,1.131.581,92%,,,#DIV/0!,#REF!,866684,#REF!,,,,,,,,,,,,,,,,,,,
Semana 52,outubro,10/22/26,Thursday,,,,  5.052.743 ,  1.660.556 ,,#DIV/0!,4.645.872,1.131.581,92%,,,#DIV/0!,#REF!,866684,#REF!,,,,,,,,,,,,,,,,,,,
Semana 52,outubro,10/23/26,Friday,,,,  5.052.743 ,  1.660.556 ,,#DIV/0!,4.645.872,1.131.581,92%,,,#DIV/0!,#REF!,866684,#REF!,,,,,,,,,,,,,,,,,,,
Semana 52,outubro,10/24/26,Saturday,,,,  5.052.743 ,  1.660.556 ,,#DIV/0!,4.645.872,1.131.581,92%,,,#DIV/0!,#REF!,866684,#REF!,,,,,,,,,,,,,,,,,,,
Semana 52,outubro,10/25/26,Sunday,,,,  5.052.743 ,  1.660.556 ,,#DIV/0!,4.645.872,1.131.581,92%,,,#DIV/0!,#REF!,866684,#REF!,,,,,,,,,,,,,,,,,,,
Semana 52,outubro,10/26/26,Monday,,,,  5.052.743 ,  1.660.556 ,,#DIV/0!,4.645.872,1.131.581,92%,,,#DIV/0!,#REF!,866684,#REF!,,,,,,,,,,,,,,,,,,,
Semana 52,outubro,10/27/26,Tuesday,,,,  5.052.743 ,  1.660.556 ,,#DIV/0!,4.645.872,1.131.581,92%,,,#DIV/0!,#REF!,866684,#REF!,,,,,,,,,,,,,,,,,,,
Semana 52,outubro,10/28/26,Wednesday,,,,  5.052.743 ,  1.660.556 ,,#DIV/0!,4.645.872,1.131.581,92%,,,#DIV/0!,#REF!,866684,#REF!,,,,,,,,,,,,,,,,,,,
Semana 52,outubro,10/29/26,Thursday,,,,  5.052.743 ,  1.660.556 ,,#DIV/0!,4.645.872,1.131.581,92%,,,#DIV/0!,#REF!,866684,#REF!,,,,,,,,,,,,,,,,,,,
Semana 52,outubro,10/30/26,Friday,,,,  5.052.743 ,  1.660.556 ,,#DIV/0!,4.645.872,1.131.581,92%,,,#DIV/0!,#REF!,866684,#REF!,,,,,,,,,,,,,,,,,,,
Semana 52,outubro,10/31/26,Saturday,,,,  5.052.743 ,  1.660.556 ,,#DIV/0!,4.645.872,1.131.581,92%,,,#DIV/0!,#REF!,866684,#REF!,,,,,,,,,,,,,,,,,,,
Semana 52,,11/01/26,Sunday,,,,  5.052.743 ,  1.660.556 ,,#DIV/0!,4.645.872,1.131.581,92%,,,#DIV/0!,#REF!,866684,#REF!,,,,,,,,,,,,,,,,,,,
Semana 52,,11/02/26,Monday,,,,  5.052.743 ,  1.660.556 ,,#DIV/0!,4.645.872,1.131.581,92%,,,#DIV/0!,#REF!,866684,#REF!,,,,,,,,,,,,,,,,,,,
Semana 52,,11/03/26,Tuesday,,,,  5.052.743 ,  1.660.556 ,,#DIV/0!,4.645.872,1.131.581,92%,,,#DIV/0!,#REF!,866684,#REF!,,,,,,,,,,,,,,,,,,,
Semana 52,,11/04/26,Wednesday,,,,  5.052.743 ,  1.660.556 ,,#DIV/0!,4.645.872,1.131.581,92%,,,#DIV/0!,#REF!,866684,#REF!,,,,,,,,,,,,,,,,,,,
Semana 52,,11/05/26,Thursday,,,,  5.052.743 ,  1.660.556 ,,#DIV/0!,4.645.872,1.131.581,92%,,,#DIV/0!,#REF!,866684,#REF!,,,,,,,,,,,,,,,,,,,
Semana 52,,11/06/26,Friday,,,,  5.052.743 ,  1.660.556 ,,#DIV/0!,4.645.872,1.131.581,92%,,,#DIV/0!,#REF!,866684,#REF!,,,,,,,,,,,,,,,,,,,
Semana 52,,11/07/26,Saturday,,,,  5.052.743 ,  1.660.556 ,,#DIV/0!,4.645.872,1.131.581,92%,,,#DIV/0!,#REF!,866684,#REF!,,,,,,,,,,,,,,,,,,,
Semana 52,,11/08/26,Sunday,,,,  5.052.743 ,  1.660.556 ,,#DIV/0!,4.645.872,1.131.581,92%,,,#DIV/0!,#REF!,866684,#REF!,,,,,,,,,,,,,,,,,,,
Semana 52,,11/09/26,Monday,,,,  5.052.743 ,  1.660.556 ,,#DIV/0!,4.645.872,1.131.581,92%,,,#DIV/0!,#REF!,866684,#REF!,,,,,,,,,,,,,,,,,,,
Semana 52,,11/10/26,Tuesday,,,,  5.052.743 ,  1.660.556 ,,#DIV/0!,4.645.872,1.131.581,92%,,,#DIV/0!,#REF!,866684,#REF!,,,,,,,,,,,,,,,,,,,
Semana 52,,11/11/26,Wednesday,,,,  5.052.743 ,  1.660.556 ,,#DIV/0!,4.645.872,1.131.581,92%,,,#DIV/0!,#REF!,866684,#REF!,,,,,,,,,,,,,,,,,,,
Semana 52,,11/12/26,Thursday,,,,  5.052.743 ,  1.660.556 ,,#DIV/0!,4.645.872,1.131.581,92%,,,#DIV/0!,#REF!,866684,#REF!,,,,,,,,,,,,,,,,,,,
Semana 52,,11/13/26,Friday,,,,  5.052.743 ,  1.660.556 ,,#DIV/0!,4.645.872,1.131.581,92%,,,#DIV/0!,#REF!,866684,#REF!,,,,,,,,,,,,,,,,,,,
Semana 52,,11/14/26,Saturday,,,,  5.052.743 ,  1.660.556 ,,#DIV/0!,4.645.872,1.131.581,92%,,,#DIV/0!,#REF!,866684,#REF!,,,,,,,,,,,,,,,,,,,
Semana 52,,11/15/26,Sunday,,,,  5.052.743 ,  1.660.556 ,,#DIV/0!,4.645.872,1.131.581,92%,,,#DIV/0!,#REF!,866684,#REF!,,,,,,,,,,,,,,,,,,,
Semana 52,,11/16/26,Monday,,,,  5.052.743 ,  1.660.556 ,,#DIV/0!,4.645.872,1.131.581,92%,,,#DIV/0!,#REF!,866684,#REF!,,,,,,,,,,,,,,,,,,,
Semana 52,,11/17/26,Tuesday,,,,  5.052.743 ,  1.660.556 ,,#DIV/0!,4.645.872,1.131.581,92%,,,#DIV/0!,#REF!,866684,#REF!,,,,,,,,,,,,,,,,,,,
Semana 52,,11/18/26,Wednesday,,,,  5.052.743 ,  1.660.556 ,,#DIV/0!,4.645.872,1.131.581,92%,,,#DIV/0!,#REF!,866684,#REF!,,,,,,,,,,,,,,,,,,,
Semana 52,,11/19/26,Thursday,,,,  5.052.743 ,  1.660.556 ,,#DIV/0!,4.645.872,1.131.581,92%,,,#DIV/0!,#REF!,866684,#REF!,,,,,,,,,,,,,,,,,,,
Semana 52,,11/20/26,Friday,,,,  5.052.743 ,  1.660.556 ,,#DIV/0!,4.645.872,1.131.581,92%,,,#DIV/0!,#REF!,866684,#REF!,,,,,,,,,,,,,,,,,,,
Semana 52,,11/21/26,Saturday,,,,  5.052.743 ,  1.660.556 ,,#DIV/0!,4.645.872,1.131.581,92%,,,#DIV/0!,#REF!,866684,#REF!,,,,,,,,,,,,,,,,,,,
Semana 52,,11/22/26,Sunday,,,,  5.052.743 ,  1.660.556 ,,#DIV/0!,4.645.872,1.131.581,92%,,,#DIV/0!,#REF!,866684,#REF!,,,,,,,,,,,,,,,,,,,
Semana 52,,11/23/26,Monday,,,,  5.052.743 ,  1.660.556 ,,#DIV/0!,4.645.872,1.131.581,92%,,,#DIV/0!,#REF!,866684,#REF!,,,,,,,,,,,,,,,,,,,
Semana 52,,11/24/26,Tuesday,,,,  5.052.743 ,  1.660.556 ,,#DIV/0!,4.645.872,1.131.581,92%,,,#DIV/0!,#REF!,866684,#REF!,,,,,,,,,,,,,,,,,,,
Semana 52,,11/25/26,Wednesday,,,,  5.052.743 ,  1.660.556 ,,#DIV/0!,4.645.872,1.131.581,92%,,,#DIV/0!,#REF!,866684,#REF!,,,,,,,,,,,,,,,,,,,
Semana 52,,11/26/26,Thursday,,,,  5.052.743 ,  1.660.556 ,,#DIV/0!,4.645.872,1.131.581,92%,,,#DIV/0!,#REF!,866684,#REF!,,,,,,,,,,,,,,,,,,,
Semana 52,,11/27/26,Friday,,,,  5.052.743 ,  1.660.556 ,,#DIV/0!,4.645.872,1.131.581,92%,,,#DIV/0!,#REF!,866684,#REF!,,,,,,,,,,,,,,,,,,,
Semana 52,,11/28/26,Saturday,,,,  5.052.743 ,  1.660.556 ,,#DIV/0!,4.645.872,1.131.581,92%,,,#DIV/0!,#REF!,866684,#REF!,,,,,,,,,,,,,,,,,,,
Semana 52,,11/29/26,Sunday,,,,  5.052.743 ,  1.660.556 ,,#DIV/0!,4.645.872,1.131.581,92%,,,#DIV/0!,#REF!,866684,#REF!,,,,,,,,,,,,,,,,,,,
Semana 52,,11/30/26,Monday,,,,  5.052.743 ,  1.660.556 ,,#DIV/0!,4.645.872,1.131.581,92%,,,#DIV/0!,#REF!,866684,#REF!,,,,,,,,,,,,,,,,,,,
Semana 52,,12/01/26,Tuesday,,,,  5.052.743 ,  1.660.556 ,,#DIV/0!,4.645.872,1.131.581,92%,,,#DIV/0!,#REF!,866684,#REF!,,,,,,,,,,,,,,,,,,,
Semana 52,,12/02/26,Wednesday,,,,  5.052.743 ,  1.660.556 ,,#DIV/0!,4.645.872,1.131.581,92%,,,#DIV/0!,#REF!,866684,#REF!,,,,,,,,,,,,,,,,,,,
Semana 52,,12/03/26,Thursday,,,,  5.052.743 ,  1.660.556 ,,#DIV/0!,4.645.872,1.131.581,92%,,,#DIV/0!,#REF!,866684,#REF!,,,,,,,,,,,,,,,,,,,
Semana 52,,12/04/26,Friday,,,,  5.052.743 ,  1.660.556 ,,#DIV/0!,4.645.872,1.131.581,92%,,,#DIV/0!,#REF!,866684,#REF!,,,,,,,,,,,,,,,,,,,
Semana 52,,12/05/26,Saturday,,,,  5.052.743 ,  1.660.556 ,,#DIV/0!,4.645.872,1.131.581,92%,,,#DIV/0!,#REF!,866684,#REF!,,,,,,,,,,,,,,,,,,,
Semana 52,,12/06/26,Sunday,,,,  5.052.743 ,  1.660.556 ,,#DIV/0!,4.645.872,1.131.581,92%,,,#DIV/0!,#REF!,866684,#REF!,,,,,,,,,,,,,,,,,,,
Semana 52,,12/07/26,Monday,,,,  5.052.743 ,  1.660.556 ,,#DIV/0!,4.645.872,1.131.581,92%,,,#DIV/0!,#REF!,866684,#REF!,,,,,,,,,,,,,,,,,,,
Semana 52,,12/08/26,Tuesday,,,,  5.052.743 ,  1.660.556 ,,#DIV/0!,4.645.872,1.131.581,92%,,,#DIV/0!,#REF!,866684,#REF!,,,,,,,,,,,,,,,,,,,
Semana 52,,12/09/26,Wednesday,,,,  5.052.743 ,  1.660.556 ,,#DIV/0!,4.645.872,1.131.581,92%,,,#DIV/0!,#REF!,866684,#REF!,,,,,,,,,,,,,,,,,,,
Semana 52,,12/10/26,Thursday,,,,  5.052.743 ,  1.660.556 ,,#DIV/0!,4.645.872,1.131.581,92%,,,#DIV/0!,#REF!,866684,#REF!,,,,,,,,,,,,,,,,,,,
Semana 52,,12/11/26,Friday,,,,  5.052.743 ,  1.660.556 ,,#DIV/0!,4.645.872,1.131.581,92%,,,#DIV/0!,#REF!,866684,#REF!,,,,,,,,,,,,,,,,,,,
Semana 52,,12/12/26,Saturday,,,,  5.052.743 ,  1.660.556 ,,#DIV/0!,4.645.872,1.131.581,92%,,,#DIV/0!,#REF!,866684,#REF!,,,,,,,,,,,,,,,,,,,
Semana 52,,12/13/26,Sunday,,,,  5.052.743 ,  1.660.556 ,,#DIV/0!,4.645.872,1.131.581,92%,,,#DIV/0!,#REF!,866684,#REF!,,,,,,,,,,,,,,,,,,,
Semana 52,,12/14/26,Monday,,,,  5.052.743 ,  1.660.556 ,,#DIV/0!,4.645.872,1.131.581,92%,,,#DIV/0!,#REF!,866684,#REF!,,,,,,,,,,,,,,,,,,,
Semana 52,,12/15/26,Tuesday,,,,  5.052.743 ,  1.660.556 ,,#DIV/0!,4.645.872,1.131.581,92%,,,#DIV/0!,#REF!,866684,#REF!,,,,,,,,,,,,,,,,,,,
Semana 52,,12/16/26,Wednesday,,,,  5.052.743 ,  1.660.556 ,,#DIV/0!,4.645.872,1.131.581,92%,,,#DIV/0!,#REF!,866684,#REF!,,,,,,,,,,,,,,,,,,,
Semana 52,,12/17/26,Thursday,,,,  5.052.743 ,  1.660.556 ,,#DIV/0!,4.645.872,1.131.581,92%,,,#DIV/0!,#REF!,866684,#REF!,,,,,,,,,,,,,,,,,,,
Semana 52,,12/18/26,Friday,,,,  5.052.743 ,  1.660.556 ,,#DIV/0!,4.645.872,1.131.581,92%,,,#DIV/0!,#REF!,866684,#REF!,,,,,,,,,,,,,,,,,,,
Semana 52,,12/19/26,Saturday,,,,  5.052.743 ,  1.660.556 ,,#DIV/0!,4.645.872,1.131.581,92%,,,#DIV/0!,#REF!,866684,#REF!,,,,,,,,,,,,,,,,,,,
Semana 52,,12/20/26,Sunday,,,,  5.052.743 ,  1.660.556 ,,#DIV/0!,4.645.872,1.131.581,92%,,,#DIV/0!,#REF!,866684,#REF!,,,,,,,,,,,,,,,,,,,
Semana 52,,12/21/26,Monday,,,,  5.052.743 ,  1.660.556 ,,#DIV/0!,4.645.872,1.131.581,92%,,,#DIV/0!,#REF!,866684,#REF!,,,,,,,,,,,,,,,,,,,
Semana 52,,12/22/26,Tuesday,,,,  5.052.743 ,  1.660.556 ,,#DIV/0!,4.645.872,1.131.581,92%,,,#DIV/0!,#REF!,866684,#REF!,,,,,,,,,,,,,,,,,,,
Semana 52,,12/23/26,Wednesday,,,,  5.052.743 ,  1.660.556 ,,#DIV/0!,4.645.872,1.131.581,92%,,,#DIV/0!,#REF!,866684,#REF!,,,,,,,,,,,,,,,,,,,
Semana 52,,12/24/26,Thursday,,,,  5.052.743 ,  1.660.556 ,,#DIV/0!,4.645.872,1.131.581,92%,,,#DIV/0!,#REF!,866684,#REF!,,,,,,,,,,,,,,,,,,,
Semana 52,,12/25/26,Friday,,,,  5.052.743 ,  1.660.556 ,,#DIV/0!,4.645.872,1.131.581,92%,,,#DIV/0!,#REF!,866684,#REF!,,,,,,,,,,,,,,,,,,,
Semana 52,,12/26/26,Saturday,,,,  5.052.743 ,  1.660.556 ,,#DIV/0!,4.645.872,1.131.581,92%,,,#DIV/0!,#REF!,866684,#REF!,,,,,,,,,,,,,,,,,,,
Semana 52,,12/27/26,Sunday,,,,  5.052.743 ,  1.660.556 ,,#DIV/0!,4.645.872,1.131.581,92%,,,#DIV/0!,#REF!,866684,#REF!,,,,,,,,,,,,,,,,,,,
Semana 52,,12/28/26,Monday,,,,  5.052.743 ,  1.660.556 ,,#DIV/0!,4.645.872,1.131.581,92%,,,#DIV/0!,#REF!,866684,#REF!,,,,,,,,,,,,,,,,,,,
Semana 52,,12/29/26,Tuesday,,,,  5.052.743 ,  1.660.556 ,,#DIV/0!,4.645.872,1.131.581,92%,,,#DIV/0!,#REF!,866684,#REF!,,,,,,,,,,,,,,,,,,,
Semana 52,,12/30/26,Wednesday,,,,  5.052.743 ,  1.660.556 ,,#DIV/0!,4.645.872,1.131.581,92%,,,#DIV/0!,#REF!,866684,#REF!,,,,,,,,,,,,,,,,,,,
Semana 52,,12/31/26,Thursday,,,,  5.052.743 ,  1.660.556 ,,#DIV/0!,4.645.872,1.131.581,92%,,,#DIV/0!,#REF!,866684,#REF!,,,,,,,,,,,,,,,,,,,
Semana 52,,01/01/27,Friday,,,,  5.052.743 ,  1.660.556 ,,#DIV/0!,4.645.872,1.131.581,92%,,,#DIV/0!,#REF!,866684,#REF!,,,,,,,,,,,,,,,,,,,
Semana 52,,01/02/27,Saturday,,,,  5.052.743 ,  1.660.556 ,,#DIV/0!,4.645.872,1.131.581,92%,,,#DIV/0!,#REF!,866684,#REF!,,,,,,,,,,,,,,,,,,,
Semana 52,,01/03/27,Sunday,,,,  5.052.743 ,  1.660.556 ,,#DIV/0!,4.645.872,1.131.581,92%,,,#DIV/0!,#REF!,866684,#REF!,,,,,,,,,,,,,,,,,,,
Semana 52,,01/04/27,Monday,,,,  5.052.743 ,  1.660.556 ,,#DIV/0!,4.645.872,1.131.581,92%,,,#DIV/0!,#REF!,866684,#REF!,,,,,,,,,,,,,,,,,,,
Semana 52,,01/05/27,Tuesday,,,,  5.052.743 ,  1.660.556 ,,#DIV/0!,4.645.872,1.131.581,92%,,,#DIV/0!,#REF!,866684,#REF!,,,,,,,,,,,,,,,,,,,
Semana 52,,01/06/27,Wednesday,,,,  5.052.743 ,  1.660.556 ,,#DIV/0!,4.645.872,1.131.581,92%,,,#DIV/0!,#REF!,866684,#REF!,,,,,,,,,,,,,,,,,,,
Semana 52,,01/07/27,Thursday,,,,  5.052.743 ,  1.660.556 ,,#DIV/0!,4.645.872,1.131.581,92%,,,#DIV/0!,#REF!,866684,#REF!,,,,,,,,,,,,,,,,,,,
Semana 52,,01/08/27,Friday,,,,  5.052.743 ,  1.660.556 ,,#DIV/0!,4.645.872,1.131.581,92%,,,#DIV/0!,#REF!,866684,#REF!,,,,,,,,,,,,,,,,,,,
Semana 52,,01/09/27,Saturday,,,,  5.052.743 ,  1.660.556 ,,#DIV/0!,4.645.872,1.131.581,92%,,,#DIV/0!,#REF!,866684,#REF!,,,,,,,,,,,,,,,,,,,
Semana 52,,01/10/27,Sunday,,,,  5.052.743 ,  1.660.556 ,,#DIV/0!,4.645.872,1.131.581,92%,,,#DIV/0!,#REF!,866684,#REF!,,,,,,,,,,,,,,,,,,,
Semana 52,,01/11/27,Monday,,,,  5.052.743 ,  1.660.556 ,,#DIV/0!,4.645.872,1.131.581,92%,,,#DIV/0!,#REF!,866684,#REF!,,,,,,,,,,,,,,,,,,,
Semana 52,,01/12/27,Tuesday,,,,  5.052.743 ,  1.660.556 ,,#DIV/0!,4.645.872,1.131.581,92%,,,#DIV/0!,#REF!,866684,#REF!,,,,,,,,,,,,,,,,,,,
Semana 52,,01/13/27,Wednesday,,,,  5.052.743 ,  1.660.556 ,,#DIV/0!,4.645.872,1.131.581,92%,,,#DIV/0!,#REF!,866684,#REF!,,,,,,,,,,,,,,,,,,,
Semana 52,,01/14/27,Thursday,,,,  5.052.743 ,  1.660.556 ,,#DIV/0!,4.645.872,1.131.581,92%,,,#DIV/0!,#REF!,866684,#REF!,,,,,,,,,,,,,,,,,,,
Semana 52,,01/15/27,Friday,,,,  5.052.743 ,  1.660.556 ,,#DIV/0!,4.645.872,1.131.581,92%,,,#DIV/0!,#REF!,866684,#REF!,,,,,,,,,,,,,,,,,,,
Semana 52,,01/16/27,Saturday,,,,  5.052.743 ,  1.660.556 ,,#DIV/0!,4.645.872,1.131.581,92%,,,#DIV/0!,#REF!,866684,#REF!,,,,,,,,,,,,,,,,,,,
Semana 52,,01/17/27,Sunday,,,,  5.052.743 ,  1.660.556 ,,#DIV/0!,4.645.872,1.131.581,92%,,,#DIV/0!,#REF!,866684,#REF!,,,,,,,,,,,,,,,,,,,
Semana 52,,01/18/27,Monday,,,,  5.052.743 ,  1.660.556 ,,#DIV/0!,4.645.872,1.131.581,92%,,,#DIV/0!,#REF!,866684,#REF!,,,,,,,,,,,,,,,,,,,
Semana 52,,01/19/27,Tuesday,,,,  5.052.743 ,  1.660.556 ,,#DIV/0!,4.645.872,1.131.581,92%,,,#DIV/0!,#REF!,866684,#REF!,,,,,,,,,,,,,,,,,,,
Semana 52,,01/20/27,Wednesday,,,,  5.052.743 ,  1.660.556 ,,#DIV/0!,4.645.872,1.131.581,92%,,,#DIV/0!,#REF!,866684,#REF!,,,,,,,,,,,,,,,,,,,
Semana 52,,01/21/27,Thursday,,,,  5.052.743 ,  1.660.556 ,,#DIV/0!,4.645.872,1.131.581,92%,,,#DIV/0!,#REF!,866684,#REF!,,,,,,,,,,,,,,,,,,,
Semana 52,,01/22/27,Friday,,,,  5.052.743 ,  1.660.556 ,,#DIV/0!,4.645.872,1.131.581,92%,,,#DIV/0!,#REF!,866684,#REF!,,,,,,,,,,,,,,,,,,,
Semana 52,,01/23/27,Saturday,,,,  5.052.743 ,  1.660.556 ,,#DIV/0!,4.645.872,1.131.581,92%,,,#DIV/0!,#REF!,866684,#REF!,,,,,,,,,,,,,,,,,,,
Semana 52,,01/24/27,Sunday,,,,  5.052.743 ,  1.660.556 ,,#DIV/0!,4.645.872,1.131.581,92%,,,#DIV/0!,#REF!,866684,#REF!,,,,,,,,,,,,,,,,,,,
Semana 52,,01/25/27,Monday,,,,  5.052.743 ,  1.660.556 ,,#DIV/0!,4.645.872,1.131.581,92%,,,#DIV/0!,#REF!,866684,#REF!,,,,,,,,,,,,,,,,,,,
Semana 52,,01/26/27,Tuesday,,,,  5.052.743 ,  1.660.556 ,,#DIV/0!,4.645.872,1.131.581,92%,,,#DIV/0!,#REF!,866684,#REF!,,,,,,,,,,,,,,,,,,,
Semana 52,,01/27/27,Wednesday,,,,  5.052.743 ,  1.660.556 ,,#DIV/0!,4.645.872,1.131.581,92%,,,#DIV/0!,#REF!,866684,#REF!,,,,,,,,,,,,,,,,,,,
Semana 52,,01/28/27,Thursday,,,,  5.052.743 ,  1.660.556 ,,#DIV/0!,4.645.872,1.131.581,92%,,,#DIV/0!,#REF!,866684,#REF!,,,,,,,,,,,,,,,,,,,
Semana 52,,01/29/27,Friday,,,,  5.052.743 ,  1.660.556 ,,#DIV/0!,4.645.872,1.131.581,92%,,,#DIV/0!,#REF!,866684,#REF!,,,,,,,,,,,,,,,,,,,
Semana 52,,01/30/27,Saturday,,,,  5.052.743 ,  1.660.556 ,,#DIV/0!,4.645.872,1.131.581,92%,,,#DIV/0!,#REF!,866684,#REF!,,,,,,,,,,,,,,,,,,,
Semana 52,,01/31/27,Sunday,,,,  5.052.743 ,  1.660.556 ,,#DIV/0!,4.645.872,1.131.581,92%,,,#DIV/0!,#REF!,866684,#REF!,,,,,,,,,,,,,,,,,,,
Semana 52,,02/01/27,Monday,,,,  5.052.743 ,  1.660.556 ,,#DIV/0!,4.645.872,1.131.581,92%,,,#DIV/0!,#REF!,866684,#REF!,,,,,,,,,,,,,,,,,,,
Semana 52,,02/02/27,Tuesday,,,,  5.052.743 ,  1.660.556 ,,#DIV/0!,4.645.872,1.131.581,92%,,,#DIV/0!,#REF!,866684,#REF!,,,,,,,,,,,,,,,,,,,
Semana 52,,02/03/27,Wednesday,,,,  5.052.743 ,  1.660.556 ,,#DIV/0!,4.645.872,1.131.581,92%,,,#DIV/0!,#REF!,866684,#REF!,,,,,,,,,,,,,,,,,,,
Semana 52,,02/04/27,Thursday,,,,  5.052.743 ,  1.660.556 ,,#DIV/0!,4.645.872,1.131.581,92%,,,#DIV/0!,#REF!,866684,#REF!,,,,,,,,,,,,,,,,,,,
Semana 52,,02/05/27,Friday,,,,  5.052.743 ,  1.660.556 ,,#DIV/0!,4.645.872,1.131.581,92%,,,#DIV/0!,#REF!,866684,#REF!,,,,,,,,,,,,,,,,,,,
Semana 52,,02/06/27,Saturday,,,,  5.052.743 ,  1.660.556 ,,#DIV/0!,4.645.872,1.131.581,92%,,,#DIV/0!,#REF!,866684,#REF!,,,,,,,,,,,,,,,,,,,
Semana 52,,02/07/27,Sunday,,,,  5.052.743 ,  1.660.556 ,,#DIV/0!,4.645.872,1.131.581,92%,,,#DIV/0!,#REF!,866684,#REF!,,,,,,,,,,,,,,,,,,,
Semana 52,,02/08/27,Monday,,,,  5.052.743 ,  1.660.556 ,,#DIV/0!,4.645.872,1.131.581,92%,,,#DIV/0!,#REF!,866684,#REF!,,,,,,,,,,,,,,,,,,,
Semana 52,,02/09/27,Tuesday,,,,  5.052.743 ,  1.660.556 ,,#DIV/0!,4.645.872,1.131.581,92%,,,#DIV/0!,#REF!,866684,#REF!,,,,,,,,,,,,,,,,,,,
Semana 52,,02/10/27,Wednesday,,,,  5.052.743 ,  1.660.556 ,,#DIV/0!,4.645.872,1.131.581,92%,,,#DIV/0!,#REF!,866684,#REF!,,,,,,,,,,,,,,,,,,,
Semana 52,,02/11/27,Thursday,,,,  5.052.743 ,  1.660.556 ,,#DIV/0!,4.645.872,1.131.581,92%,,,#DIV/0!,#REF!,866684,#REF!,,,,,,,,,,,,,,,,,,,
Semana 52,,02/12/27,Friday,,,,  5.052.743 ,  1.660.556 ,,#DIV/0!,4.645.872,1.131.581,92%,,,#DIV/0!,#REF!,866684,#REF!,,,,,,,,,,,,,,,,,,,
Semana 52,,02/13/27,Saturday,,,,  5.052.743 ,  1.660.556 ,,#DIV/0!,4.645.872,1.131.581,92%,,,#DIV/0!,#REF!,866684,#REF!,,,,,,,,,,,,,,,,,,,
Semana 52,,02/14/27,Sunday,,,,  5.052.743 ,  1.660.556 ,,#DIV/0!,4.645.872,1.131.581,92%,,,#DIV/0!,#REF!,866684,#REF!,,,,,,,,,,,,,,,,,,,
Semana 52,,02/15/27,Monday,,,,  5.052.743 ,  1.660.556 ,,#DIV/0!,4.645.872,1.131.581,92%,,,#DIV/0!,#REF!,866684,#REF!,,,,,,,,,,,,,,,,,,,
Semana 52,,02/16/27,Tuesday,,,,  5.052.743 ,  1.660.556 ,,#DIV/0!,4.645.872,1.131.581,92%,,,#DIV/0!,#REF!,866684,#REF!,,,,,,,,,,,,,,,,,,,
Semana 52,,02/17/27,Wednesday,,,,  5.052.743 ,  1.660.556 ,,#DIV/0!,4.645.872,1.131.581,92%,,,#DIV/0!,#REF!,866684,#REF!,,,,,,,,,,,,,,,,,,,
Semana 52,,02/18/27,Thursday,,,,  5.052.743 ,  1.660.556 ,,#DIV/0!,4.645.872,1.131.581,92%,,,#DIV/0!,#REF!,866684,#REF!,,,,,,,,,,,,,,,,,,,
Semana 52,,02/19/27,Friday,,,,  5.052.743 ,  1.660.556 ,,#DIV/0!,4.645.872,1.131.581,92%,,,#DIV/0!,#REF!,866684,#REF!,,,,,,,,,,,,,,,,,,,
Semana 52,,02/20/27,Saturday,,,,  5.052.743 ,  1.660.556 ,,#DIV/0!,4.645.872,1.131.581,92%,,,#DIV/0!,#REF!,866684,#REF!,,,,,,,,,,,,,,,,,,,
Semana 52,,02/21/27,Sunday,,,,  5.052.743 ,  1.660.556 ,,#DIV/0!,4.645.872,1.131.581,92%,,,#DIV/0!,#REF!,866684,#REF!,,,,,,,,,,,,,,,,,,,
Semana 52,,02/22/27,Monday,,,,  5.052.743 ,  1.660.556 ,,#DIV/0!,4.645.872,1.131.581,92%,,,#DIV/0!,#REF!,866684,#REF!,,,,,,,,,,,,,,,,,,,
Semana 52,,02/23/27,Tuesday,,,,  5.052.743 ,  1.660.556 ,,#DIV/0!,4.645.872,1.131.581,92%,,,#DIV/0!,#REF!,866684,#REF!,,,,,,,,,,,,,,,,,,,
Semana 52,,02/24/27,Wednesday,,,,  5.052.743 ,  1.660.556 ,,#DIV/0!,4.645.872,1.131.581,92%,,,#DIV/0!,#REF!,866684,#REF!,,,,,,,,,,,,,,,,,,,
Semana 52,,02/25/27,Thursday,,,,  5.052.743 ,  1.660.556 ,,#DIV/0!,4.645.872,1.131.581,92%,,,#DIV/0!,#REF!,866684,#REF!,,,,,,,,,,,,,,,,,,,
Semana 52,,02/26/27,Friday,,,,  5.052.743 ,  1.660.556 ,,#DIV/0!,4.645.872,1.131.581,92%,,,#DIV/0!,#REF!,866684,#REF!,,,,,,,,,,,,,,,,,,,
Semana 52,,02/27/27,Saturday,,,,  5.052.743 ,  1.660.556 ,,#DIV/0!,4.645.872,1.131.581,92%,,,#DIV/0!,#REF!,866684,#REF!,,,,,,,,,,,,,,,,,,,
Semana 52,,02/28/27,Sunday,,,,  5.052.743 ,  1.660.556 ,,#DIV/0!,4.645.872,1.131.581,92%,,,#DIV/0!,#REF!,866684,#REF!,,,,,,,,,,,,,,,,,,,
Semana 52,,03/01/27,Monday,,,,  5.052.743 ,  1.660.556 ,,#DIV/0!,4.645.872,1.131.581,92%,,,#DIV/0!,#REF!,866684,#REF!,,,,,,,,,,,,,,,,,,,
Semana 52,,03/02/27,Tuesday,,,,  5.052.743 ,  1.660.556 ,,#DIV/0!,4.645.872,1.131.581,92%,,,#DIV/0!,#REF!,866684,#REF!,,,,,,,,,,,,,,,,,,,
Semana 52,,03/03/27,Wednesday,,,,  5.052.743 ,  1.660.556 ,,#DIV/0!,4.645.872,1.131.581,92%,,,#DIV/0!,#REF!,866684,#REF!,,,,,,,,,,,,,,,,,,,
Semana 52,,03/04/27,Thursday,,,,  5.052.743 ,  1.660.556 ,,#DIV/0!,4.645.872,1.131.581,92%,,,#DIV/0!,#REF!,866684,#REF!,,,,,,,,,,,,,,,,,,,
Semana 52,,03/05/27,Friday,,,,  5.052.743 ,  1.660.556 ,,#DIV/0!,4.645.872,1.131.581,92%,,,#DIV/0!,#REF!,866684,#REF!,,,,,,,,,,,,,,,,,,,
Semana 52,,03/06/27,Saturday,,,,  5.052.743 ,  1.660.556 ,,#DIV/0!,4.645.872,1.131.581,92%,,,#DIV/0!,#REF!,866684,#REF!,,,,,,,,,,,,,,,,,,,
Semana 52,,03/07/27,Sunday,,,,  5.052.743 ,  1.660.556 ,,#DIV/0!,4.645.872,1.131.581,92%,,,#DIV/0!,#REF!,866684,#REF!,,,,,,,,,,,,,,,,,,,
Semana 52,,03/08/27,Monday,,,,  5.052.743 ,  1.660.556 ,,#DIV/0!,4.645.872,1.131.581,92%,,,#DIV/0!,#REF!,866684,#REF!,,,,,,,,,,,,,,,,,,,
Semana 52,,03/09/27,Sunday,,,,  5.052.743 ,  1.660.556 ,,#DIV/0!,4.645.872,1.131.581,92%,,,#DIV/0!,#REF!,866684,#REF!,,,,,,,,,,,,,,,,,,,
Semana 52,,03/10/27,Sunday,,,,  5.052.743 ,  1.660.556 ,,#DIV/0!,4.645.872,1.131.581,92%,,,#DIV/0!,#REF!,866684,#REF!,,,,,,,,,,,,,,,,,,,
Semana 52,,03/11/27,Sunday,,,,  5.052.743 ,  1.660.556 ,,#DIV/0!,4.645.872,1.131.581,92%,,,#DIV/0!,#REF!,866684,#REF!,,,,,,,,,,,,,,,,,,,
Semana 52,,03/12/27,Sunday,,,,  5.052.743 ,  1.660.556 ,,#DIV/0!,4.645.872,1.131.581,92%,,,#DIV/0!,#REF!,866684,#REF!,,,,,,,,,,,,,,,,,,,
Semana 52,,03/13/27,Sunday,,,,  5.052.743 ,  1.660.556 ,,#DIV/0!,4.645.872,1.131.581,92%,,,#DIV/0!,#REF!,866684,#REF!,,,,,,,,,,,,,,,,,,,
Semana 52,,03/14/27,Sunday,,,,  5.052.743 ,  1.660.556 ,,#DIV/0!,4.645.872,1.131.581,92%,,,#DIV/0!,#REF!,866684,#REF!,,,,,,,,,,,,,,,,,,,
Semana 52,,03/15/27,Sunday,,,,  5.052.743 ,  1.660.556 ,,#DIV/0!,4.645.872,1.131.581,92%,,,#DIV/0!,#REF!,866684,#REF!,,,,,,,,,,,,,,,,,,,
Semana 52,,03/16/27,Sunday,,,,  5.052.743 ,  1.660.556 ,,#DIV/0!,4.645.872,1.131.581,92%,,,#DIV/0!,#REF!,866684,#REF!,,,,,,,,,,,,,,,,,,,
Semana 52,,03/17/27,Sunday,,,,  5.052.743 ,  1.660.556 ,,#DIV/0!,4.645.872,1.131.581,92%,,,#DIV/0!,#REF!,866684,#REF!,,,,,,,,,,,,,,,,,,,
Semana 52,,03/18/27,Sunday,,,,  5.052.743 ,  1.660.556 ,,#DIV/0!,4.645.872,1.131.581,92%,,,#DIV/0!,#REF!,866684,#REF!,,,,,,,,,,,,,,,,,,,
Semana 52,,03/19/27,Sunday,,,,  5.052.743 ,  1.660.556 ,,#DIV/0!,4.645.872,1.131.581,92%,,,#DIV/0!,#REF!,866684,#REF!,,,,,,,,,,,,,,,,,,,
Semana 52,,03/20/27,Sunday,,,,  5.052.743 ,  1.660.556 ,,#DIV/0!,4.645.872,1.131.581,92%,,,#DIV/0!,#REF!,866684,#REF!,,,,,,,,,,,,,,,,,,,
Semana 52,,03/21/27,Sunday,,,,  5.052.743 ,  1.660.556 ,,#DIV/0!,4.645.872,1.131.581,92%,,,#DIV/0!,#REF!,866684,#REF!,,,,,,,,,,,,,,,,,,,
Semana 52,,03/22/27,Sunday,,,,  5.052.743 ,  1.660.556 ,,#DIV/0!,4.645.872,1.131.581,92%,,,#DIV/0!,#REF!,866684,#REF!,,,,,,,,,,,,,,,,,,,
Semana 52,,03/23/27,Sunday,,,,  5.052.743 ,  1.660.556 ,,#DIV/0!,4.645.872,1.131.581,92%,,,#DIV/0!,#REF!,866684,#REF!,,,,,,,,,,,,,,,,,,,
Semana 52,,03/24/27,Sunday,,,,  5.052.743 ,  1.660.556 ,,#DIV/0!,4.645.872,1.131.581,92%,,,#DIV/0!,#REF!,866684,#REF!,,,,,,,,,,,,,,,,,,,
Semana 52,,03/25/27,Sunday,,,,  5.052.743 ,  1.660.556 ,,#DIV/0!,4.645.872,1.131.581,92%,,,#DIV/0!,#REF!,866684,#REF!,,,,,,,,,,,,,,,,,,,
Semana 52,,03/26/27,Sunday,,,,  5.052.743 ,  1.660.556 ,,#DIV/0!,4.645.872,1.131.581,92%,,,#DIV/0!,#REF!,866684,#REF!,,,,,,,,,,,,,,,,,,,
Semana 52,,03/27/27,Sunday,,,,  5.052.743 ,  1.660.556 ,,#DIV/0!,4.645.872,1.131.581,92%,,,#DIV/0!,#REF!,866684,#REF!,,,,,,,,,,,,,,,,,,,
Semana 52,,03/28/27,Sunday,,,,  5.052.743 ,  1.660.556 ,,#DIV/0!,4.645.872,1.131.581,92%,,,#DIV/0!,#REF!,866684,#REF!,,,,,,,,,,,,,,,,,,,
Semana 52,,03/29/27,Sunday,,,,  5.052.743 ,  1.660.556 ,,#DIV/0!,4.645.872,1.131.581,92%,,,#DIV/0!,#REF!,866684,#REF!,,,,,,,,,,,,,,,,,,,
Semana 52,,03/30/27,Sunday,,,,  5.052.743 ,  1.660.556 ,,#DIV/0!,4.645.872,1.131.581,92%,,,#DIV/0!,#REF!,866684,#REF!,,,,,,,,,,,,,,,,,,,
Semana 52,,03/31/27,Sunday,,,,  5.052.743 ,  1.660.556 ,,#DIV/0!,4.645.872,1.131.581,92%,,,#DIV/0!,#REF!,866684,#REF!,,,,,,,,,,,,,,,,,,,
Semana 52,,04/01/27,Sunday,,,,  5.052.743 ,  1.660.556 ,,#DIV/0!,4.645.872,1.131.581,92%,,,#DIV/0!,#REF!,866684,#REF!,,,,,,,,,,,,,,,,,,,
Semana 52,,04/02/27,Sunday,,,,  5.052.743 ,  1.660.556 ,,#DIV/0!,4.645.872,1.131.581,92%,,,#DIV/0!,#REF!,866684,#REF!,,,,,,,,,,,,,,,,,,,
Semana 52,,04/03/27,Sunday,,,,  5.052.743 ,  1.660.556 ,,#DIV/0!,4.645.872,1.131.581,92%,,,#DIV/0!,#REF!,866684,#REF!,,,,,,,,,,,,,,,,,,,
Semana 52,,04/04/27,Sunday,,,,  5.052.743 ,  1.660.556 ,,#DIV/0!,4.645.872,1.131.581,92%,,,#DIV/0!,#REF!,866684,#REF!,,,,,,,,,,,,,,,,,,,
Semana 52,,04/05/27,Sunday,,,,  5.052.743 ,  1.660.556 ,,#DIV/0!,4.645.872,1.131.581,92%,,,#DIV/0!,#REF!,866684,#REF!,,,,,,,,,,,,,,,,,,,
Semana 52,,04/06/27,Sunday,,,,  5.052.743 ,  1.660.556 ,,#DIV/0!,4.645.872,1.131.581,92%,,,#DIV/0!,#REF!,866684,#REF!,,,,,,,,,,,,,,,,,,,
Semana 52,,04/07/27,Sunday,,,,  5.052.743 ,  1.660.556 ,,#DIV/0!,4.645.872,1.131.581,92%,,,#DIV/0!,#REF!,866684,#REF!,,,,,,,,,,,,,,,,,,,
Semana 52,,04/08/27,Sunday,,,,  5.052.743 ,  1.660.556 ,,#DIV/0!,4.645.872,1.131.581,92%,,,#DIV/0!,#REF!,866684,#REF!,,,,,,,,,,,,,,,,,,,
Semana 52,,04/09/27,Sunday,,,,  5.052.743 ,  1.660.556 ,,#DIV/0!,4.645.872,1.131.581,92%,,,#DIV/0!,#REF!,866684,#REF!,,,,,,,,,,,,,,,,,,,
Semana 52,,04/10/27,Sunday,,,,  5.052.743 ,  1.660.556 ,,#DIV/0!,4.645.872,1.131.581,92%,,,#DIV/0!,#REF!,866684,#REF!,,,,,,,,,,,,,,,,,,,
Semana 52,,04/11/27,Sunday,,,,  5.052.743 ,  1.660.556 ,,#DIV/0!,4.645.872,1.131.581,92%,,,#DIV/0!,#REF!,866684,#REF!,,,,,,,,,,,,,,,,,,,
Semana 52,,04/12/27,Sunday,,,,  5.052.743 ,  1.660.556 ,,#DIV/0!,4.645.872,1.131.581,92%,,,#DIV/0!,#REF!,866684,#REF!,,,,,,,,,,,,,,,,,,,
Semana 52,,04/13/27,Sunday,,,,  5.052.743 ,  1.660.556 ,,#DIV/0!,4.645.872,1.131.581,92%,,,#DIV/0!,#REF!,866684,#REF!,,,,,,,,,,,,,,,,,,,
Semana 52,,04/14/27,Sunday,,,,  5.052.743 ,  1.660.556 ,,#DIV/0!,4.645.872,1.131.581,92%,,,#DIV/0!,#REF!,866684,#REF!,,,,,,,,,,,,,,,,,,,
Semana 52,,04/15/27,Sunday,,,,  5.052.743 ,  1.660.556 ,,#DIV/0!,4.645.872,1.131.581,92%,,,#DIV/0!,#REF!,866684,#REF!,,,,,,,,,,,,,,,,,,,
Semana 52,,04/16/27,Sunday,,,,  5.052.743 ,  1.660.556 ,,#DIV/0!,4.645.872,1.131.581,92%,,,#DIV/0!,#REF!,866684,#REF!,,,,,,,,,,,,,,,,,,,
Semana 52,,04/17/27,Sunday,,,,  5.052.743 ,  1.660.556 ,,#DIV/0!,4.645.872,1.131.581,92%,,,#DIV/0!,#REF!,866684,#REF!,,,,,,,,,,,,,,,,,,,
Semana 52,,04/18/27,Sunday,,,,  5.052.743 ,  1.660.556 ,,#DIV/0!,4.645.872,1.131.581,92%,,,#DIV/0!,#REF!,866684,#REF!,,,,,,,,,,,,,,,,,,,
Semana 52,,04/19/27,Sunday,,,,  5.052.743 ,  1.660.556 ,,#DIV/0!,4.645.872,1.131.581,92%,,,#DIV/0!,#REF!,866684,#REF!,,,,,,,,,,,,,,,,,,,
Semana 52,,04/20/27,Sunday,,,,  5.052.743 ,  1.660.556 ,,#DIV/0!,4.645.872,1.131.581,92%,,,#DIV/0!,#REF!,866684,#REF!,,,,,,,,,,,,,,,,,,,
Semana 52,,04/21/27,Sunday,,,,  5.052.743 ,  1.660.556 ,,#DIV/0!,4.645.872,1.131.581,92%,,,#DIV/0!,#REF!,866684,#REF!,,,,,,,,,,,,,,,,,,,
Semana 52,,04/22/27,Sunday,,,,  5.052.743 ,  1.660.556 ,,#DIV/0!,4.645.872,1.131.581,92%,,,#DIV/0!,#REF!,866684,#REF!,,,,,,,,,,,,,,,,,,,
Semana 52,,04/23/27,Sunday,,,,  5.052.743 ,  1.660.556 ,,#DIV/0!,4.645.872,1.131.581,92%,,,#DIV/0!,#REF!,866684,#REF!,,,,,,,,,,,,,,,,,,,
Semana 52,,04/24/27,Sunday,,,,  5.052.743 ,  1.660.556 ,,#DIV/0!,4.645.872,1.131.581,92%,,,#DIV/0!,#REF!,866684,#REF!,,,,,,,,,,,,,,,,,,,
Semana 52,,04/25/27,Sunday,,,,  5.052.743 ,  1.660.556 ,,#DIV/0!,4.645.872,1.131.581,92%,,,#DIV/0!,#REF!,866684,#REF!,,,,,,,,,,,,,,,,,,,
Semana 52,,04/26/27,Sunday,,,,  5.052.743 ,  1.660.556 ,,#DIV/0!,4.645.872,1.131.581,92%,,,#DIV/0!,#REF!,866684,#REF!,,,,,,,,,,,,,,,,,,,
Semana 52,,04/27/27,Sunday,,,,  5.052.743 ,  1.660.556 ,,#DIV/0!,4.645.872,1.131.581,92%,,,#DIV/0!,#REF!,866684,#REF!,,,,,,,,,,,,,,,,,,,
Semana 52,,04/28/27,Sunday,,,,  5.052.743 ,  1.660.556 ,,#DIV/0!,4.645.872,1.131.581,92%,,,#DIV/0!,#REF!,866684,#REF!,,,,,,,,,,,,,,,,,,,
Semana 52,,04/29/27,Sunday,,,,  5.052.743 ,  1.660.556 ,,#DIV/0!,4.645.872,1.131.581,92%,,,#DIV/0!,#REF!,866684,#REF!,,,,,,,,,,,,,,,,,,,
Semana 52,,04/30/27,Sunday,,,,  5.052.743 ,  1.660.556 ,,#DIV/0!,4.645.872,1.131.581,92%,,,#DIV/0!,#REF!,866684,#REF!,,,,,,,,,,,,,,,,,,,
Semana 52,,05/01/27,Sunday,,,,  5.052.743 ,  1.660.556 ,,#DIV/0!,4.645.872,1.131.581,92%,,,#DIV/0!,#REF!,866684,#REF!,,,,,,,,,,,,,,,,,,,
Semana 52,,05/02/27,Sunday,,,,  5.052.743 ,  1.660.556 ,,#DIV/0!,4.645.872,1.131.581,92%,,,#DIV/0!,#REF!,866684,#REF!,,,,,,,,,,,,,,,,,,,
Semana 52,,05/03/27,Sunday,,,,  5.052.743 ,  1.660.556 ,,#DIV/0!,4.645.872,1.131.581,92%,,,#DIV/0!,#REF!,866684,#REF!,,,,,,,,,,,,,,,,,,,
Semana 52,,05/04/27,Sunday,,,,  5.052.743 ,  1.660.556 ,,#DIV/0!,4.645.872,1.131.581,92%,,,#DIV/0!,#REF!,866684,#REF!,,,,,,,,,,,,,,,,,,,
Semana 52,,05/05/27,Sunday,,,,  5.052.743 ,  1.660.556 ,,#DIV/0!,4.645.872,1.131.581,92%,,,#DIV/0!,#REF!,866684,#REF!,,,,,,,,,,,,,,,,,,,
Semana 52,,05/06/27,Sunday,,,,  5.052.743 ,  1.660.556 ,,#DIV/0!,4.645.872,1.131.581,92%,,,#DIV/0!,#REF!,866684,#REF!,,,,,,,,,,,,,,,,,,,
Semana 52,,05/07/27,Sunday,,,,  5.052.743 ,  1.660.556 ,,#DIV/0!,4.645.872,1.131.581,92%,,,#DIV/0!,#REF!,866684,#REF!,,,,,,,,,,,,,,,,,,,
Semana 52,,05/08/27,Sunday,,,,  5.052.743 ,  1.660.556 ,,#DIV/0!,4.645.872,1.131.581,92%,,,#DIV/0!,#REF!,866684,#REF!,,,,,,,,,,,,,,,,,,,
Semana 52,,05/09/27,Sunday,,,,  5.052.743 ,  1.660.556 ,,#DIV/0!,4.645.872,1.131.581,92%,,,#DIV/0!,#REF!,866684,#REF!,,,,,,,,,,,,,,,,,,,
Semana 52,,05/10/27,Sunday,,,,  5.052.743 ,  1.660.556 ,,#DIV/0!,4.645.872,1.131.581,92%,,,#DIV/0!,#REF!,866684,#REF!,,,,,,,,,,,,,,,,,,,
Semana 52,,05/11/27,Sunday,,,,  5.052.743 ,  1.660.556 ,,#DIV/0!,4.645.872,1.131.581,92%,,,#DIV/0!,#REF!,866684,#REF!,,,,,,,,,,,,,,,,,,,
Semana 52,,05/12/27,Sunday,,,,  5.052.743 ,  1.660.556 ,,#DIV/0!,4.645.872,1.131.581,92%,,,#DIV/0!,#REF!,866684,#REF!,,,,,,,,,,,,,,,,,,,
Semana 52,,05/13/27,Sunday,,,,  5.052.743 ,  1.660.556 ,,#DIV/0!,4.645.872,1.131.581,92%,,,#DIV/0!,#REF!,866684,#REF!,,,,,,,,,,,,,,,,,,,
Semana 52,,05/14/27,Sunday,,,,  5.052.743 ,  1.660.556 ,,#DIV/0!,4.645.872,1.131.581,92%,,,#DIV/0!,#REF!,866684,#REF!,,,,,,,,,,,,,,,,,,,
Semana 52,,05/15/27,Sunday,,,,  5.052.743 ,  1.660.556 ,,#DIV/0!,4.645.872,1.131.581,92%,,,#DIV/0!,#REF!,866684,#REF!,,,,,,,,,,,,,,,,,,,
Semana 52,,05/16/27,Sunday,,,,  5.052.743 ,  1.660.556 ,,#DIV/0!,4.645.872,1.131.581,92%,,,#DIV/0!,#REF!,866684,#REF!,,,,,,,,,,,,,,,,,,,
Semana 52,,05/17/27,Sunday,,,,  5.052.743 ,  1.660.556 ,,#DIV/0!,4.645.872,1.131.581,92%,,,#DIV/0!,#REF!,866684,#REF!,,,,,,,,,,,,,,,,,,,
Semana 52,,05/18/27,Sunday,,,,  5.052.743 ,  1.660.556 ,,#DIV/0!,4.645.872,1.131.581,92%,,,#DIV/0!,#REF!,866684,#REF!,,,,,,,,,,,,,,,,,,,
Semana 52,,05/19/27,Sunday,,,,  5.052.743 ,  1.660.556 ,,#DIV/0!,4.645.872,1.131.581,92%,,,#DIV/0!,#REF!,866684,#REF!,,,,,,,,,,,,,,,,,,,
Semana 52,,05/20/27,Sunday,,,,  5.052.743 ,  1.660.556 ,,#DIV/0!,4.645.872,1.131.581,92%,,,#DIV/0!,#REF!,866684,#REF!,,,,,,,,,,,,,,,,,,,
Semana 52,,05/21/27,Sunday,,,,  5.052.743 ,  1.660.556 ,,#DIV/0!,4.645.872,1.131.581,92%,,,#DIV/0!,#REF!,866684,#REF!,,,,,,,,,,,,,,,,,,,
Semana 52,,05/22/27,Sunday,,,,  5.052.743 ,  1.660.556 ,,#DIV/0!,4.645.872,1.131.581,92%,,,#DIV/0!,#REF!,866684,#REF!,,,,,,,,,,,,,,,,,,,
Semana 52,,05/23/27,Sunday,,,,  5.052.743 ,  1.660.556 ,,#DIV/0!,4.645.872,1.131.581,92%,,,#DIV/0!,#REF!,866684,#REF!,,,,,,,,,,,,,,,,,,,
Semana 52,,05/24/27,Sunday,,,,  5.052.743 ,  1.660.556 ,,#DIV/0!,4.645.872,1.131.581,92%,,,#DIV/0!,#REF!,866684,#REF!,,,,,,,,,,,,,,,,,,,
Semana 52,,05/25/27,Sunday,,,,  5.052.743 ,  1.660.556 ,,#DIV/0!,4.645.872,1.131.581,92%,,,#DIV/0!,#REF!,866684,#REF!,,,,,,,,,,,,,,,,,,,
Semana 52,,05/26/27,Sunday,,,,  5.052.743 ,  1.660.556 ,,#DIV/0!,4.645.872,1.131.581,92%,,,#DIV/0!,#REF!,866684,#REF!,,,,,,,,,,,,,,,,,,,
Semana 52,,05/27/27,Sunday,,,,  5.052.743 ,  1.660.556 ,,#DIV/0!,4.645.872,1.131.581,92%,,,#DIV/0!,#REF!,866684,#REF!,,,,,,,,,,,,,,,,,,,
Semana 52,,05/28/27,Sunday,,,,  5.052.743 ,  1.660.556 ,,#DIV/0!,4.645.872,1.131.581,92%,,,#DIV/0!,#REF!,866684,#REF!,,,,,,,,,,,,,,,,,,,
Semana 52,,05/29/27,Sunday,,,,  5.052.743 ,  1.660.556 ,,#DIV/0!,4.645.872,1.131.581,92%,,,#DIV/0!,#REF!,866684,#REF!,,,,,,,,,,,,,,,,,,,
Semana 52,,05/30/27,Sunday,,,,  5.052.743 ,  1.660.556 ,,#DIV/0!,4.645.872,1.131.581,92%,,,#DIV/0!,#REF!,866684,#REF!,,,,,,,,,,,,,,,,,,,
Semana 52,,05/31/27,Sunday,,,,  5.052.743 ,  1.660.556 ,,#DIV/0!,4.645.872,1.131.581,92%,,,#DIV/0!,#REF!,866684,#REF!,,,,,,,,,,,,,,,,,,,
Semana 52,,06/01/27,Sunday,,,,  5.052.743 ,  1.660.556 ,,#DIV/0!,4.645.872,1.131.581,92%,,,#DIV/0!,#REF!,866684,#REF!,,,,,,,,,,,,,,,,,,,
Semana 52,,06/02/27,Sunday,,,,  5.052.743 ,  1.660.556 ,,#DIV/0!,4.645.872,1.131.581,92%,,,#DIV/0!,#REF!,866684,#REF!,,,,,,,,,,,,,,,,,,,
Semana 52,,06/03/27,Sunday,,,,  5.052.743 ,  1.660.556 ,,#DIV/0!,4.645.872,1.131.581,92%,,,#DIV/0!,#REF!,866684,#REF!,,,,,,,,,,,,,,,,,,,
Semana 52,,06/04/27,Sunday,,,,  5.052.743 ,  1.660.556 ,,#DIV/0!,4.645.872,1.131.581,92%,,,#DIV/0!,#REF!,866684,#REF!,,,,,,,,,,,,,,,,,,,
Semana 52,,06/05/27,Sunday,,,,  5.052.743 ,  1.660.556 ,,#DIV/0!,4.645.872,1.131.581,92%,,,#DIV/0!,#REF!,866684,#REF!,,,,,,,,,,,,,,,,,,,
Semana 52,,06/06/27,Sunday,,,,  5.052.743 ,  1.660.556 ,,#DIV/0!,4.645.872,1.131.581,92%,,,#DIV/0!,#REF!,866684,#REF!,,,,,,,,,,,,,,,,,,,
Semana 52,,06/07/27,Sunday,,,,  5.052.743 ,  1.660.556 ,,#DIV/0!,4.645.872,1.131.581,92%,,,#DIV/0!,#REF!,866684,#REF!,,,,,,,,,,,,,,,,,,,
Semana 52,,06/08/27,Sunday,,,,  5.052.743 ,  1.660.556 ,,#DIV/0!,4.645.872,1.131.581,92%,,,#DIV/0!,#REF!,866684,#REF!,,,,,,,,,,,,,,,,,,,
Semana 52,,06/09/27,Sunday,,,,  5.052.743 ,  1.660.556 ,,#DIV/0!,4.645.872,1.131.581,92%,,,#DIV/0!,#REF!,866684,#REF!,,,,,,,,,,,,,,,,,,,
Semana 52,,06/10/27,Sunday,,,,  5.052.743 ,  1.660.556 ,,#DIV/0!,4.645.872,1.131.581,92%,,,#DIV/0!,#REF!,866684,#REF!,,,,,,,,,,,,,,,,,,,
Semana 52,,06/11/27,Sunday,,,,  5.052.743 ,  1.660.556 ,,#DIV/0!,4.645.872,1.131.581,92%,,,#DIV/0!,#REF!,866684,#REF!,,,,,,,,,,,,,,,,,,,
Semana 52,,06/12/27,Sunday,,,,  5.052.743 ,  1.660.556 ,,#DIV/0!,4.645.872,1.131.581,92%,,,#DIV/0!,#REF!,866684,#REF!,,,,,,,,,,,,,,,,,,,
Semana 52,,06/13/27,Sunday,,,,  5.052.743 ,  1.660.556 ,,#DIV/0!,4.645.872,1.131.581,92%,,,#DIV/0!,#REF!,866684,#REF!,,,,,,,,,,,,,,,,,,,
Semana 52,,06/14/27,Sunday,,,,  5.052.743 ,  1.660.556 ,,#DIV/0!,4.645.872,1.131.581,92%,,,#DIV/0!,#REF!,866684,#REF!,,,,,,,,,,,,,,,,,,,
Semana 52,,06/15/27,Sunday,,,,  5.052.743 ,  1.660.556 ,,#DIV/0!,4.645.872,1.131.581,92%,,,#DIV/0!,#REF!,866684,#REF!,,,,,,,,,,,,,,,,,,,
Semana 52,,06/16/27,Sunday,,,,  5.052.743 ,  1.660.556 ,,#DIV/0!,4.645.872,1.131.581,92%,,,#DIV/0!,#REF!,866684,#REF!,,,,,,,,,,,,,,,,,,,
Semana 52,,06/17/27,Sunday,,,,  5.052.743 ,  1.660.556 ,,#DIV/0!,4.645.872,1.131.581,92%,,,#DIV/0!,#REF!,866684,#REF!,,,,,,,,,,,,,,,,,,,
Semana 52,,06/18/27,Sunday,,,,  5.052.743 ,  1.660.556 ,,#DIV/0!,4.645.872,1.131.581,92%,,,#DIV/0!,#REF!,866684,#REF!,,,,,,,,,,,,,,,,,,,
Semana 52,,06/19/27,Sunday,,,,  5.052.743 ,  1.660.556 ,,#DIV/0!,4.645.872,1.131.581,92%,,,#DIV/0!,#REF!,866684,#REF!,,,,,,,,,,,,,,,,,,,
Semana 52,,06/20/27,Sunday,,,,  5.052.743 ,  1.660.556 ,,#DIV/0!,4.645.872,1.131.581,92%,,,#DIV/0!,#REF!,866684,#REF!,,,,,,,,,,,,,,,,,,,
Semana 52,,06/21/27,Sunday,,,,  5.052.743 ,  1.660.556 ,,#DIV/0!,4.645.872,1.131.581,92%,,,#DIV/0!,#REF!,866684,#REF!,,,,,,,,,,,,,,,,,,,
Semana 52,,06/22/27,Sunday,,,,  5.052.743 ,  1.660.556 ,,#DIV/0!,4.645.872,1.131.581,92%,,,#DIV/0!,#REF!,866684,#REF!,,,,,,,,,,,,,,,,,,,
Semana 52,,06/23/27,Sunday,,,,  5.052.743 ,  1.660.556 ,,#DIV/0!,4.645.872,1.131.581,92%,,,#DIV/0!,#REF!,866684,#REF!,,,,,,,,,,,,,,,,,,,
Semana 52,,06/24/27,Sunday,,,,  5.052.743 ,  1.660.556 ,,#DIV/0!,4.645.872,1.131.581,92%,,,#DIV/0!,#REF!,866684,#REF!,,,,,,,,,,,,,,,,,,,
Semana 52,,06/25/27,Sunday,,,,  5.052.743 ,  1.660.556 ,,#DIV/0!,4.645.872,1.131.581,92%,,,#DIV/0!,#REF!,866684,#REF!,,,,,,,,,,,,,,,,,,,
Semana 52,,06/26/27,Sunday,,,,  5.052.743 ,  1.660.556 ,,#DIV/0!,4.645.872,1.131.581,92%,,,#DIV/0!,#REF!,866684,#REF!,,,,,,,,,,,,,,,,,,,
Semana 52,,06/27/27,Sunday,,,,  5.052.743 ,  1.660.556 ,,#DIV/0!,4.645.872,1.131.581,92%,,,#DIV/0!,#REF!,866684,#REF!,,,,,,,,,,,,,,,,,,,
Semana 52,,06/28/27,Sunday,,,,  5.052.743 ,  1.660.556 ,,#DIV/0!,4.645.872,1.131.581,92%,,,#DIV/0!,#REF!,866684,#REF!,,,,,,,,,,,,,,,,,,,
Semana 52,,06/29/27,Sunday,,,,  5.052.743 ,  1.660.556 ,,#DIV/0!,4.645.872,1.131.581,92%,,,#DIV/0!,#REF!,866684,#REF!,,,,,,,,,,,,,,,,,,,
Semana 52,,06/30/27,Sunday,,,,  5.052.743 ,  1.660.556 ,,#DIV/0!,4.645.872,1.131.581,92%,,,#DIV/0!,#REF!,866684,#REF!,,,,,,,,,,,,,,,,,,,
Semana 52,,07/01/27,Sunday,,,,  5.052.743 ,  1.660.556 ,,#DIV/0!,4.645.872,1.131.581,92%,,,#DIV/0!,#REF!,866684,#REF!,,,,,,,,,,,,,,,,,,,
Semana 52,,07/02/27,Sunday,,,,  5.052.743 ,  1.660.556 ,,#DIV/0!,4.645.872,1.131.581,92%,,,#DIV/0!,#REF!,866684,#REF!,,,,,,,,,,,,,,,,,,,
Semana 52,,07/03/27,Sunday,,,,  5.052.743 ,  1.660.556 ,,#DIV/0!,4.645.872,1.131.581,92%,,,#DIV/0!,#REF!,866684,#REF!,,,,,,,,,,,,,,,,,,,
Semana 52,,07/04/27,Sunday,,,,  5.052.743 ,  1.660.556 ,,#DIV/0!,4.645.872,1.131.581,92%,,,#DIV/0!,#REF!,866684,#REF!,,,,,,,,,,,,,,,,,,,
Semana 52,,07/05/27,Sunday,,,,  5.052.743 ,  1.660.556 ,,#DIV/0!,4.645.872,1.131.581,92%,,,#DIV/0!,#REF!,866684,#REF!,,,,,,,,,,,,,,,,,,,
Semana 52,,07/06/27,Sunday,,,,  5.052.743 ,  1.660.556 ,,#DIV/0!,4.645.872,1.131.581,92%,,,#DIV/0!,#REF!,866684,#REF!,,,,,,,,,,,,,,,,,,,
Semana 52,,07/07/27,Sunday,,,,  5.052.743 ,  1.660.556 ,,#DIV/0!,4.645.872,1.131.581,92%,,,#DIV/0!,#REF!,866684,#REF!,,,,,,,,,,,,,,,,,,,
Semana 52,,07/08/27,Sunday,,,,  5.052.743 ,  1.660.556 ,,#DIV/0!,4.645.872,1.131.581,92%,,,#DIV/0!,#REF!,866684,#REF!,,,,,,,,,,,,,,,,,,,
Semana 52,,07/09/27,Sunday,,,,  5.052.743 ,  1.660.556 ,,#DIV/0!,4.645.872,1.131.581,92%,,,#DIV/0!,#REF!,866684,#REF!,,,,,,,,,,,,,,,,,,,
Semana 52,,07/10/27,Sunday,,,,  5.052.743 ,  1.660.556 ,,#DIV/0!,4.645.872,1.131.581,92%,,,#DIV/0!,#REF!,866684,#REF!,,,,,,,,,,,,,,,,,,,
Semana 52,,07/11/27,Sunday,,,,  5.052.743 ,  1.660.556 ,,#DIV/0!,4.645.872,1.131.581,92%,,,#DIV/0!,#REF!,866684,#REF!,,,,,,,,,,,,,,,,,,,
Semana 52,,07/12/27,Sunday,,,,  5.052.743 ,  1.660.556 ,,#DIV/0!,4.645.872,1.131.581,92%,,,#DIV/0!,#REF!,866684,#REF!,,,,,,,,,,,,,,,,,,,
Semana 52,,07/13/27,Sunday,,,,  5.052.743 ,  1.660.556 ,,#DIV/0!,4.645.872,1.131.581,92%,,,#DIV/0!,#REF!,866684,#REF!,,,,,,,,,,,,,,,,,,,
Semana 52,,07/14/27,Sunday,,,,  5.052.743 ,  1.660.556 ,,#DIV/0!,4.645.872,1.131.581,92%,,,#DIV/0!,#REF!,866684,#REF!,,,,,,,,,,,,,,,,,,,
Semana 52,,07/15/27,Sunday,,,,  5.052.743 ,  1.660.556 ,,#DIV/0!,4.645.872,1.131.581,92%,,,#DIV/0!,#REF!,866684,#REF!,,,,,,,,,,,,,,,,,,,
Semana 52,,07/16/27,Sunday,,,,  5.052.743 ,  1.660.556 ,,#DIV/0!,4.645.872,1.131.581,92%,,,#DIV/0!,#REF!,866684,#REF!,,,,,,,,,,,,,,,,,,,
Semana 52,,07/17/27,Sunday,,,,  5.052.743 ,  1.660.556 ,,#DIV/0!,4.645.872,1.131.581,92%,,,#DIV/0!,#REF!,866684,#REF!,,,,,,,,,,,,,,,,,,,
Semana 52,,07/18/27,Sunday,,,,  5.052.743 ,  1.660.556 ,,#DIV/0!,4.645.872,1.131.581,92%,,,#DIV/0!,#REF!,866684,#REF!,,,,,,,,,,,,,,,,,,,
Semana 52,,07/19/27,Sunday,,,,  5.052.743 ,  1.660.556 ,,#DIV/0!,4.645.872,1.131.581,92%,,,#DIV/0!,#REF!,866684,#REF!,,,,,,,,,,,,,,,,,,,
Semana 52,,07/20/27,Sunday,,,,  5.052.743 ,  1.660.556 ,,#DIV/0!,4.645.872,1.131.581,92%,,,#DIV/0!,#REF!,866684,#REF!,,,,,,,,,,,,,,,,,,,
Semana 52,,07/21/27,Sunday,,,,  5.052.743 ,  1.660.556 ,,#DIV/0!,4.645.872,1.131.581,92%,,,#DIV/0!,#REF!,866684,#REF!,,,,,,,,,,,,,,,,,,,
Semana 52,,07/22/27,Sunday,,,,  5.052.743 ,  1.660.556 ,,#DIV/0!,4.645.872,1.131.581,92%,,,#DIV/0!,#REF!,866684,#REF!,,,,,,,,,,,,,,,,,,,
Semana 52,,07/23/27,Sunday,,,,  5.052.743 ,  1.660.556 ,,#DIV/0!,4.645.872,1.131.581,92%,,,#DIV/0!,#REF!,866684,#REF!,,,,,,,,,,,,,,,,,,,
Semana 52,,07/24/27,Sunday,,,,  5.052.743 ,  1.660.556 ,,#DIV/0!,4.645.872,1.131.581,92%,,,#DIV/0!,#REF!,866684,#REF!,,,,,,,,,,,,,,,,,,,
Semana 52,,07/25/27,Sunday,,,,  5.052.743 ,  1.660.556 ,,#DIV/0!,4.645.872,1.131.581,92%,,,#DIV/0!,#REF!,866684,#REF!,,,,,,,,,,,,,,,,,,,
Semana 52,,07/26/27,Sunday,,,,  5.052.743 ,  1.660.556 ,,#DIV/0!,4.645.872,1.131.581,92%,,,#DIV/0!,#REF!,866684,#REF!,,,,,,,,,,,,,,,,,,,
Semana 52,,07/27/27,Sunday,,,,  5.052.743 ,  1.660.556 ,,#DIV/0!,4.645.872,1.131.581,92%,,,#DIV/0!,#REF!,866684,#REF!,,,,,,,,,,,,,,,,,,,
Semana 52,,07/28/27,Sunday,,,,  5.052.743 ,  1.660.556 ,,#DIV/0!,4.645.872,1.131.581,92%,,,#DIV/0!,#REF!,866684,#REF!,,,,,,,,,,,,,,,,,,,
Semana 52,,07/29/27,Sunday,,,,  5.052.743 ,  1.660.556 ,,#DIV/0!,4.645.872,1.131.581,92%,,,#DIV/0!,#REF!,866684,#REF!,,,,,,,,,,,,,,,,,,,
Semana 52,,07/30/27,Sunday,,,,  5.052.743 ,  1.660.556 ,,#DIV/0!,4.645.872,1.131.581,92%,,,#DIV/0!,#REF!,866684,#REF!,,,,,,,,,,,,,,,,,,,
Semana 52,,07/31/27,Sunday,,,,  5.052.743 ,  1.660.556 ,,#DIV/0!,4.645.872,1.131.581,92%,,,#DIV/0!,#REF!,866684,#REF!,,,,,,,,,,,,,,,,,,,
Semana 52,,08/01/27,Sunday,,,,  5.052.743 ,  1.660.556 ,,#DIV/0!,4.645.872,1.131.581,92%,,,#DIV/0!,#REF!,866684,#REF!,,,,,,,,,,,,,,,,,,,
Semana 52,,08/02/27,Sunday,,,,  5.052.743 ,  1.660.556 ,,#DIV/0!,4.645.872,1.131.581,92%,,,#DIV/0!,#REF!,866684,#REF!,,,,,,,,,,,,,,,,,,,
Semana 52,,08/03/27,Sunday,,,,  5.052.743 ,  1.660.556 ,,#DIV/0!,4.645.872,1.131.581,92%,,,#DIV/0!,#REF!,866684,#REF!,,,,,,,,,,,,,,,,,,,
Semana 52,,08/04/27,Sunday,,,,  5.052.743 ,  1.660.556 ,,#DIV/0!,4.645.872,1.131.581,92%,,,#DIV/0!,#REF!,866684,#REF!,,,,,,,,,,,,,,,,,,,
Semana 52,,08/05/27,Sunday,,,,  5.052.743 ,  1.660.556 ,,#DIV/0!,4.645.872,1.131.581,92%,,,#DIV/0!,#REF!,866684,#REF!,,,,,,,,,,,,,,,,,,,
Semana 52,,08/06/27,Sunday,,,,  5.052.743 ,  1.660.556 ,,#DIV/0!,4.645.872,1.131.581,92%,,,#DIV/0!,#REF!,866684,#REF!,,,,,,,,,,,,,,,,,,,
Semana 52,,08/07/27,Sunday,,,,  5.052.743 ,  1.660.556 ,,#DIV/0!,4.645.872,1.131.581,92%,,,#DIV/0!,#REF!,866684,#REF!,,,,,,,,,,,,,,,,,,,
Semana 52,,08/08/27,Sunday,,,,  5.052.743 ,  1.660.556 ,,#DIV/0!,4.645.872,1.131.581,92%,,,#DIV/0!,#REF!,866684,#REF!,,,,,,,,,,,,,,,,,,,
Semana 52,,08/09/27,Sunday,,,,  5.052.743 ,  1.660.556 ,,#DIV/0!,4.645.872,1.131.581,92%,,,#DIV/0!,#REF!,866684,#REF!,,,,,,,,,,,,,,,,,,,
Semana 52,,08/10/27,Sunday,,,,  5.052.743 ,  1.660.556 ,,#DIV/0!,4.645.872,1.131.581,92%,,,#DIV/0!,#REF!,866684,#REF!,,,,,,,,,,,,,,,,,,,
Semana 52,,08/11/27,Sunday,,,,  5.052.743 ,  1.660.556 ,,#DIV/0!,4.645.872,1.131.581,92%,,,#DIV/0!,#REF!,866684,#REF!,,,,,,,,,,,,,,,,,,,
Semana 52,,08/12/27,Sunday,,,,  5.052.743 ,  1.660.556 ,,#DIV/0!,4.645.872,1.131.581,92%,,,#DIV/0!,#REF!,866684,#REF!,,,,,,,,,,,,,,,,,,,
Semana 52,,08/13/27,Sunday,,,,  5.052.743 ,  1.660.556 ,,#DIV/0!,4.645.872,1.131.581,92%,,,#DIV/0!,#REF!,866684,#REF!,,,,,,,,,,,,,,,,,,,
Semana 52,,08/14/27,Sunday,,,,  5.052.743 ,  1.660.556 ,,#DIV/0!,4.645.872,1.131.581,92%,,,#DIV/0!,#REF!,866684,#REF!,,,,,,,,,,,,,,,,,,,
Semana 52,,08/15/27,Sunday,,,,  5.052.743 ,  1.660.556 ,,#DIV/0!,4.645.872,1.131.581,92%,,,#DIV/0!,#REF!,866684,#REF!,,,,,,,,,,,,,,,,,,,
Semana 52,,08/16/27,Sunday,,,,  5.052.743 ,  1.660.556 ,,#DIV/0!,4.645.872,1.131.581,92%,,,#DIV/0!,#REF!,866684,#REF!,,,,,,,,,,,,,,,,,,,
Semana 52,,08/17/27,Sunday,,,,  5.052.743 ,  1.660.556 ,,#DIV/0!,4.645.872,1.131.581,92%,,,#DIV/0!,#REF!,866684,#REF!,,,,,,,,,,,,,,,,,,,
Semana 52,,08/18/27,Sunday,,,,  5.052.743 ,  1.660.556 ,,#DIV/0!,4.645.872,1.131.581,92%,,,#DIV/0!,#REF!,866684,#REF!,,,,,,,,,,,,,,,,,,,
Semana 52,,08/19/27,Sunday,,,,  5.052.743 ,  1.660.556 ,,#DIV/0!,4.645.872,1.131.581,92%,,,#DIV/0!,#REF!,866684,#REF!,,,,,,,,,,,,,,,,,,,
Semana 52,,08/20/27,Sunday,,,,  5.052.743 ,  1.660.556 ,,#DIV/0!,4.645.872,1.131.581,92%,,,#DIV/0!,#REF!,866684,#REF!,,,,,,,,,,,,,,,,,,,
Semana 52,,08/21/27,Sunday,,,,  5.052.743 ,  1.660.556 ,,#DIV/0!,4.645.872,1.131.581,92%,,,#DIV/0!,#REF!,866684,#REF!,,,,,,,,,,,,,,,,,,,
Semana 52,,08/22/27,Sunday,,,,  5.052.743 ,  1.660.556 ,,#DIV/0!,4.645.872,1.131.581,92%,,,#DIV/0!,#REF!,866684,#REF!,,,,,,,,,,,,,,,,,,,
Semana 52,,08/23/27,Sunday,,,,  5.052.743 ,  1.660.556 ,,#DIV/0!,4.645.872,1.131.581,92%,,,#DIV/0!,#REF!,866684,#REF!,,,,,,,,,,,,,,,,,,,
Semana 52,,08/24/27,Sunday,,,,  5.052.743 ,  1.660.556 ,,#DIV/0!,4.645.872,1.131.581,92%,,,#DIV/0!,#REF!,866684,#REF!,,,,,,,,,,,,,,,,,,,
Semana 52,,08/25/27,Sunday,,,,  5.052.743 ,  1.660.556 ,,#DIV/0!,4.645.872,1.131.581,92%,,,#DIV/0!,#REF!,866684,#REF!,,,,,,,,,,,,,,,,,,,
Semana 52,,08/26/27,Sunday,,,,  5.052.743 ,  1.660.556 ,,#DIV/0!,4.645.872,1.131.581,92%,,,#DIV/0!,#REF!,866684,#REF!,,,,,,,,,,,,,,,,,,,
Semana 52,,08/27/27,Sunday,,,,  5.052.743 ,  1.660.556 ,,#DIV/0!,4.645.872,1.131.581,92%,,,#DIV/0!,#REF!,866684,#REF!,,,,,,,,,,,,,,,,,,,
Semana 52,,08/28/27,Sunday,,,,  5.052.743 ,  1.660.556 ,,#DIV/0!,4.645.872,1.131.581,92%,,,#DIV/0!,#REF!,866684,#REF!,,,,,,,,,,,,,,,,,,,
Semana 52,,08/29/27,Sunday,,,,  5.052.743 ,  1.660.556 ,,#DIV/0!,4.645.872,1.131.581,92%,,,#DIV/0!,#REF!,866684,#REF!,,,,,,,,,,,,,,,,,,,
Semana 52,,08/30/27,Sunday,,,,  5.052.743 ,  1.660.556 ,,#DIV/0!,4.645.872,1.131.581,92%,,,#DIV/0!,#REF!,866684,#REF!,,,,,,,,,,,,,,,,,,,
Semana 52,,08/31/27,Sunday,,,,  5.052.743 ,  1.660.556 ,,#DIV/0!,4.645.872,1.131.581,92%,,,#DIV/0!,#REF!,866684,#REF!,,,,,,,,,,,,,,,,,,,
Semana 52,,09/01/27,Sunday,,,,  5.052.743 ,  1.660.556 ,,#DIV/0!,4.645.872,1.131.581,92%,,,#DIV/0!,#REF!,866684,#REF!,,,,,,,,,,,,,,,,,,,
Semana 52,,09/02/27,Sunday,,,,  5.052.743 ,  1.660.556 ,,#DIV/0!,4.645.872,1.131.581,92%,,,#DIV/0!,#REF!,866684,#REF!,,,,,,,,,,,,,,,,,,,
Semana 52,,09/03/27,Sunday,,,,  5.052.743 ,  1.660.556 ,,#DIV/0!,4.645.872,1.131.581,92%,,,#DIV/0!,#REF!,866684,#REF!,,,,,,,,,,,,,,,,,,,
Semana 52,,09/04/27,Sunday,,,,  5.052.743 ,  1.660.556 ,,#DIV/0!,4.645.872,1.131.581,92%,,,#DIV/0!,#REF!,866684,#REF!,,,,,,,,,,,,,,,,,,,
Semana 52,,09/05/27,Sunday,,,,  5.052.743 ,  1.660.556 ,,#DIV/0!,4.645.872,1.131.581,92%,,,#DIV/0!,#REF!,866684,#REF!,,,,,,,,,,,,,,,,,,,
Semana 52,,09/06/27,Sunday,,,,  5.052.743 ,  1.660.556 ,,#DIV/0!,4.645.872,1.131.581,92%,,,#DIV/0!,#REF!,866684,#REF!,,,,,,,,,,,,,,,,,,,
Semana 52,,09/07/27,Sunday,,,,  5.052.743 ,  1.660.556 ,,#DIV/0!,4.645.872,1.131.581,92%,,,#DIV/0!,#REF!,866684,#REF!,,,,,,,,,,,,,,,,,,,
Semana 52,,09/08/27,Sunday,,,,  5.052.743 ,  1.660.556 ,,#DIV/0!,4.645.872,1.131.581,92%,,,#DIV/0!,#REF!,866684,#REF!,,,,,,,,,,,,,,,,,,,
Semana 52,,09/09/27,Sunday,,,,  5.052.743 ,  1.660.556 ,,#DIV/0!,4.645.872,1.131.581,92%,,,#DIV/0!,#REF!,866684,#REF!,,,,,,,,,,,,,,,,,,,
Semana 52,,09/10/27,Sunday,,,,  5.052.743 ,  1.660.556 ,,#DIV/0!,4.645.872,1.131.581,92%,,,#DIV/0!,#REF!,866684,#REF!,,,,,,,,,,,,,,,,,,,
Semana 52,,09/11/27,Sunday,,,,  5.052.743 ,  1.660.556 ,,#DIV/0!,4.645.872,1.131.581,92%,,,#DIV/0!,#REF!,866684,#REF!,,,,,,,,,,,,,,,,,,,
Semana 52,,09/12/27,Sunday,,,,  5.052.743 ,  1.660.556 ,,#DIV/0!,4.645.872,1.131.581,92%,,,#DIV/0!,#REF!,866684,#REF!,,,,,,,,,,,,,,,,,,,
Semana 52,,09/13/27,Sunday,,,,  5.052.743 ,  1.660.556 ,,#DIV/0!,4.645.872,1.131.581,92%,,,#DIV/0!,#REF!,866684,#REF!,,,,,,,,,,,,,,,,,,,
Semana 52,,09/14/27,Sunday,,,,  5.052.743 ,  1.660.556 ,,#DIV/0!,4.645.872,1.131.581,92%,,,#DIV/0!,#REF!,866684,#REF!,,,,,,,,,,,,,,,,,,,
Semana 52,,09/15/27,Sunday,,,,  5.052.743 ,  1.660.556 ,,#DIV/0!,4.645.872,1.131.581,92%,,,#DIV/0!,#REF!,866684,#REF!,,,,,,,,,,,,,,,,,,,
Semana 52,,09/16/27,Sunday,,,,  5.052.743 ,  1.660.556 ,,#DIV/0!,4.645.872,1.131.581,92%,,,#DIV/0!,#REF!,866684,#REF!,,,,,,,,,,,,,,,,,,,
Semana 52,,09/17/27,Sunday,,,,  5.052.743 ,  1.660.556 ,,#DIV/0!,4.645.872,1.131.581,92%,,,#DIV/0!,#REF!,866684,#REF!,,,,,,,,,,,,,,,,,,,
Semana 52,,09/18/27,Sunday,,,,  5.052.743 ,  1.660.556 ,,#DIV/0!,4.645.872,1.131.581,92%,,,#DIV/0!,#REF!,866684,#REF!,,,,,,,,,,,,,,,,,,,
Semana 52,,09/19/27,Sunday,,,,  5.052.743 ,  1.660.556 ,,#DIV/0!,4.645.872,1.131.581,92%,,,#DIV/0!,#REF!,866684,#REF!,,,,,,,,,,,,,,,,,,,
Semana 52,,09/20/27,Sunday,,,,  5.052.743 ,  1.660.556 ,,#DIV/0!,4.645.872,1.131.581,92%,,,#DIV/0!,#REF!,866684,#REF!,,,,,,,,,,,,,,,,,,,
Semana 52,,09/21/27,Sunday,,,,  5.052.743 ,  1.660.556 ,,#DIV/0!,4.645.872,1.131.581,92%,,,#DIV/0!,#REF!,866684,#REF!,,,,,,,,,,,,,,,,,,,
Semana 52,,09/22/27,Sunday,,,,  5.052.743 ,  1.660.556 ,,#DIV/0!,4.645.872,1.131.581,92%,,,#DIV/0!,#REF!,866684,#REF!,,,,,,,,,,,,,,,,,,,
Semana 52,,09/23/27,Sunday,,,,  5.052.743 ,  1.660.556 ,,#DIV/0!,4.645.872,1.131.581,92%,,,#DIV/0!,#REF!,866684,#REF!,,,,,,,,,,,,,,,,,,,
Semana 52,,09/24/27,Sunday,,,,  5.052.743 ,  1.660.556 ,,#DIV/0!,4.645.872,1.131.581,92%,,,#DIV/0!,#REF!,866684,#REF!,,,,,,,,,,,,,,,,,,,
Semana 52,,09/25/27,Sunday,,,,  5.052.743 ,  1.660.556 ,,#DIV/0!,4.645.872,1.131.581,92%,,,#DIV/0!,#REF!,866684,#REF!,,,,,,,,,,,,,,,,,,,
Semana 52,,09/26/27,Sunday,,,,  5.052.743 ,  1.660.556 ,,#DIV/0!,4.645.872,1.131.581,92%,,,#DIV/0!,#REF!,866684,#REF!,,,,,,,,,,,,,,,,,,,
Semana 52,,09/27/27,Sunday,,,,  5.052.743 ,  1.660.556 ,,#DIV/0!,4.645.872,1.131.581,92%,,,#DIV/0!,#REF!,866684,#REF!,,,,,,,,,,,,,,,,,,,
Semana 52,,09/28/27,Sunday,,,,  5.052.743 ,  1.660.556 ,,#DIV/0!,4.645.872,1.131.581,92%,,,#DIV/0!,#REF!,866684,#REF!,,,,,,,,,,,,,,,,,,,
Semana 52,,09/29/27,Sunday,,,,  5.052.743 ,  1.660.556 ,,#DIV/0!,4.645.872,1.131.581,92%,,,#DIV/0!,#REF!,866684,#REF!,,,,,,,,,,,,,,,,,,,
Semana 52,,09/30/27,Sunday,,,,  5.052.743 ,  1.660.556 ,,#DIV/0!,4.645.872,1.131.581,92%,,,#DIV/0!,#REF!,866684,#REF!,,,,,,,,,,,,,,,,,,,
Semana 52,,10/01/27,Sunday,,,,  5.052.743 ,  1.660.556 ,,#DIV/0!,4.645.872,1.131.581,92%,,,#DIV/0!,#REF!,866684,#REF!,,,,,,,,,,,,,,,,,,,
Semana 52,,10/02/27,Sunday,,,,  5.052.743 ,  1.660.556 ,,#DIV/0!,4.645.872,1.131.581,92%,,,#DIV/0!,#REF!,866684,#REF!,,,,,,,,,,,,,,,,,,,
Semana 52,,10/03/27,Sunday,,,,  5.052.743 ,  1.660.556 ,,#DIV/0!,4.645.872,1.131.581,92%,,,#DIV/0!,#REF!,866684,#REF!,,,,,,,,,,,,,,,,,,,
Semana 52,,10/04/27,Sunday,,,,  5.052.743 ,  1.660.556 ,,#DIV/0!,4.645.872,1.131.581,92%,,,#DIV/0!,#REF!,866684,#REF!,,,,,,,,,,,,,,,,,,,
Semana 52,,10/05/27,Sunday,,,,  5.052.743 ,  1.660.556 ,,#DIV/0!,4.645.872,1.131.581,92%,,,#DIV/0!,#REF!,866684,#REF!,,,,,,,,,,,,,,,,,,,
Semana 52,,10/06/27,Sunday,,,,  5.052.743 ,  1.660.556 ,,#DIV/0!,4.645.872,1.131.581,92%,,,#DIV/0!,#REF!,866684,#REF!,,,,,,,,,,,,,,,,,,,
Semana 52,,10/07/27,Sunday,,,,  5.052.743 ,  1.660.556 ,,#DIV/0!,4.645.872,1.131.581,92%,,,#DIV/0!,#REF!,866684,#REF!,,,,,,,,,,,,,,,,,,,
Semana 52,,10/08/27,Sunday,,,,  5.052.743 ,  1.660.556 ,,#DIV/0!,4.645.872,1.131.581,92%,,,#DIV/0!,#REF!,866684,#REF!,,,,,,,,,,,,,,,,,,,
Semana 52,,10/09/27,Sunday,,,,  5.052.743 ,  1.660.556 ,,#DIV/0!,4.645.872,1.131.581,92%,,,#DIV/0!,#REF!,866684,#REF!,,,,,,,,,,,,,,,,,,,
Semana 52,,10/10/27,Sunday,,,,  5.052.743 ,  1.660.556 ,,#DIV/0!,4.645.872,1.131.581,92%,,,#DIV/0!,#REF!,866684,#REF!,,,,,,,,,,,,,,,,,,,
Semana 52,,10/11/27,Sunday,,,,  5.052.743 ,  1.660.556 ,,#DIV/0!,4.645.872,1.131.581,92%,,,#DIV/0!,#REF!,866684,#REF!,,,,,,,,,,,,,,,,,,,
Semana 52,,10/12/27,Sunday,,,,  5.052.743 ,  1.660.556 ,,#DIV/0!,4.645.872,1.131.581,92%,,,#DIV/0!,#REF!,866684,#REF!,,,,,,,,,,,,,,,,,,,
Semana 52,,10/13/27,Sunday,,,,  5.052.743 ,  1.660.556 ,,#DIV/0!,4.645.872,1.131.581,92%,,,#DIV/0!,#REF!,866684,#REF!,,,,,,,,,,,,,,,,,,,
Semana 52,,10/14/27,Sunday,,,,  5.052.743 ,  1.660.556 ,,#DIV/0!,4.645.872,1.131.581,92%,,,#DIV/0!,#REF!,866684,#REF!,,,,,,,,,,,,,,,,,,,
Semana 52,,10/15/27,Sunday,,,,  5.052.743 ,  1.660.556 ,,#DIV/0!,4.645.872,1.131.581,92%,,,#DIV/0!,#REF!,866684,#REF!,,,,,,,,,,,,,,,,,,,
Semana 52,,10/16/27,Sunday,,,,  5.052.743 ,  1.660.556 ,,#DIV/0!,4.645.872,1.131.581,92%,,,#DIV/0!,#REF!,866684,#REF!,,,,,,,,,,,,,,,,,,,
Semana 52,,10/17/27,Sunday,,,,  5.052.743 ,  1.660.556 ,,#DIV/0!,4.645.872,1.131.581,92%,,,#DIV/0!,#REF!,866684,#REF!,,,,,,,,,,,,,,,,,,,
Semana 52,,10/18/27,Sunday,,,,  5.052.743 ,  1.660.556 ,,#DIV/0!,4.645.872,1.131.581,92%,,,#DIV/0!,#REF!,866684,#REF!,,,,,,,,,,,,,,,,,,,
Semana 52,,10/19/27,Sunday,,,,  5.052.743 ,  1.660.556 ,,#DIV/0!,4.645.872,1.131.581,92%,,,#DIV/0!,#REF!,866684,#REF!,,,,,,,,,,,,,,,,,,,
Semana 52,,10/20/27,Sunday,,,,  5.052.743 ,  1.660.556 ,,#DIV/0!,4.645.872,1.131.581,92%,,,#DIV/0!,#REF!,866684,#REF!,,,,,,,,,,,,,,,,,,,
Semana 52,,10/21/27,Sunday,,,,  5.052.743 ,  1.660.556 ,,#DIV/0!,4.645.872,1.131.581,92%,,,#DIV/0!,#REF!,866684,#REF!,,,,,,,,,,,,,,,,,,,
Semana 52,,10/22/27,Sunday,,,,  5.052.743 ,  1.660.556 ,,#DIV/0!,4.645.872,1.131.581,92%,,,#DIV/0!,#REF!,866684,#REF!,,,,,,,,,,,,,,,,,,,
Semana 52,,10/23/27,Sunday,,,,  5.052.743 ,  1.660.556 ,,#DIV/0!,4.645.872,1.131.581,92%,,,#DIV/0!,#REF!,866684,#REF!,,,,,,,,,,,,,,,,,,,
Semana 52,,10/24/27,Sunday,,,,  5.052.743 ,  1.660.556 ,,#DIV/0!,4.645.872,1.131.581,92%,,,#DIV/0!,#REF!,866684,#REF!,,,,,,,,,,,,,,,,,,,
Semana 52,,10/25/27,Sunday,,,,  5.052.743 ,  1.660.556 ,,#DIV/0!,4.645.872,1.131.581,92%,,,#DIV/0!,#REF!,866684,#REF!,,,,,,,,,,,,,,,,,,,
Semana 52,,10/26/27,Sunday,,,,  5.052.743 ,  1.660.556 ,,#DIV/0!,4.645.872,1.131.581,92%,,,#DIV/0!,#REF!,866684,#REF!,,,,,,,,,,,,,,,,,,,
Semana 52,,10/27/27,Sunday,,,,  5.052.743 ,  1.660.556 ,,#DIV/0!,4.645.872,1.131.581,92%,,,#DIV/0!,#REF!,866684,#REF!,,,,,,,,,,,,,,,,,,,
Semana 52,,10/28/27,Sunday,,,,  5.052.743 ,  1.660.556 ,,#DIV/0!,4.645.872,1.131.581,92%,,,#DIV/0!,#REF!,866684,#REF!,,,,,,,,,,,,,,,,,,,
Semana 52,,10/29/27,Sunday,,,,  5.052.743 ,  1.660.556 ,,#DIV/0!,4.645.872,1.131.581,92%,,,#DIV/0!,#REF!,866684,#REF!,,,,,,,,,,,,,,,,,,,
Semana 52,,10/30/27,Sunday,,,,  5.052.743 ,  1.660.556 ,,#DIV/0!,4.645.872,1.131.581,92%,,,#DIV/0!,#REF!,866684,#REF!,,,,,,,,,,,,,,,,,,,
Semana 52,,10/31/27,Sunday,,,,  5.052.743 ,  1.660.556 ,,#DIV/0!,4.645.872,1.131.581,92%,,,#DIV/0!,#REF!,866684,#REF!,,,,,,,,,,,,,,,,,,,
Semana 52,,11/01/27,Sunday,,,,  5.052.743 ,  1.660.556 ,,#DIV/0!,4.645.872,1.131.581,92%,,,#DIV/0!,#REF!,866684,#REF!,,,,,,,,,,,,,,,,,,,
Semana 52,,11/02/27,Sunday,,,,  5.052.743 ,  1.660.556 ,,#DIV/0!,4.645.872,1.131.581,92%,,,#DIV/0!,#REF!,866684,#REF!,,,,,,,,,,,,,,,,,,,
Semana 52,,11/03/27,Sunday,,,,  5.052.743 ,  1.660.556 ,,#DIV/0!,4.645.872,1.131.581,92%,,,#DIV/0!,#REF!,866684,#REF!,,,,,,,,,,,,,,,,,,,
Semana 52,,11/04/27,Sunday,,,,  5.052.743 ,  1.660.556 ,,#DIV/0!,4.645.872,1.131.581,92%,,,#DIV/0!,#REF!,866684,#REF!,,,,,,,,,,,,,,,,,,,
Semana 52,,11/05/27,Sunday,,,,  5.052.743 ,  1.660.556 ,,#DIV/0!,4.645.872,1.131.581,92%,,,#DIV/0!,#REF!,866684,#REF!,,,,,,,,,,,,,,,,,,,
Semana 52,,11/06/27,Sunday,,,,  5.052.743 ,  1.660.556 ,,#DIV/0!,4.645.872,1.131.581,92%,,,#DIV/0!,#REF!,866684,#REF!,,,,,,,,,,,,,,,,,,,
Semana 52,,11/07/27,Sunday,,,,  5.052.743 ,  1.660.556 ,,#DIV/0!,4.645.872,1.131.581,92%,,,#DIV/0!,#REF!,866684,#REF!,,,,,,,,,,,,,,,,,,,
Semana 52,,11/08/27,Sunday,,,,  5.052.743 ,  1.660.556 ,,#DIV/0!,4.645.872,1.131.581,92%,,,#DIV/0!,#REF!,866684,#REF!,,,,,,,,,,,,,,,,,,,
Semana 52,,11/09/27,Sunday,,,,  5.052.743 ,  1.660.556 ,,#DIV/0!,4.645.872,1.131.581,92%,,,#DIV/0!,#REF!,866684,#REF!,,,,,,,,,,,,,,,,,,,
Semana 52,,11/10/27,Sunday,,,,  5.052.743 ,  1.660.556 ,,#DIV/0!,4.645.872,1.131.581,92%,,,#DIV/0!,#REF!,866684,#REF!,,,,,,,,,,,,,,,,,,,
Semana 52,,11/11/27,Sunday,,,,  5.052.743 ,  1.660.556 ,,#DIV/0!,4.645.872,1.131.581,92%,,,#DIV/0!,#REF!,866684,#REF!,,,,,,,,,,,,,,,,,,,
Semana 52,,11/12/27,Sunday,,,,  5.052.743 ,  1.660.556 ,,#DIV/0!,4.645.872,1.131.581,92%,,,#DIV/0!,#REF!,866684,#REF!,,,,,,,,,,,,,,,,,,,
Semana 52,,11/13/27,Sunday,,,,  5.052.743 ,  1.660.556 ,,#DIV/0!,4.645.872,1.131.581,92%,,,#DIV/0!,#REF!,866684,#REF!,,,,,,,,,,,,,,,,,,,
Semana 52,,11/14/27,Sunday,,,,  5.052.743 ,  1.660.556 ,,#DIV/0!,4.645.872,1.131.581,92%,,,#DIV/0!,#REF!,866684,#REF!,,,,,,,,,,,,,,,,,,,
Semana 52,,11/15/27,Sunday,,,,  5.052.743 ,  1.660.556 ,,#DIV/0!,4.645.872,1.131.581,92%,,,#DIV/0!,#REF!,866684,#REF!,,,,,,,,,,,,,,,,,,,
Semana 52,,11/16/27,Sunday,,,,  5.052.743 ,  1.660.556 ,,#DIV/0!,4.645.872,1.131.581,92%,,,#DIV/0!,#REF!,866684,#REF!,,,,,,,,,,,,,,,,,,,
Semana 52,,11/17/27,Sunday,,,,  5.052.743 ,  1.660.556 ,,#DIV/0!,4.645.872,1.131.581,92%,,,#DIV/0!,#REF!,866684,#REF!,,,,,,,,,,,,,,,,,,,
Semana 52,,11/18/27,Sunday,,,,  5.052.743 ,  1.660.556 ,,#DIV/0!,4.645.872,1.131.581,92%,,,#DIV/0!,#REF!,866684,#REF!,,,,,,,,,,,,,,,,,,,
Semana 52,,11/19/27,Sunday,,,,  5.052.743 ,  1.660.556 ,,#DIV/0!,4.645.872,1.131.581,92%,,,#DIV/0!,#REF!,866684,#REF!,,,,,,,,,,,,,,,,,,,
Semana 52,,11/20/27,Sunday,,,,  5.052.743 ,  1.660.556 ,,#DIV/0!,4.645.872,1.131.581,92%,,,#DIV/0!,#REF!,866684,#REF!,,,,,,,,,,,,,,,,,,,
Semana 52,,11/21/27,Sunday,,,,  5.052.743 ,  1.660.556 ,,#DIV/0!,4.645.872,1.131.581,92%,,,#DIV/0!,#REF!,866684,#REF!,,,,,,,,,,,,,,,,,,,
Semana 52,,11/22/27,Sunday,,,,  5.052.743 ,  1.660.556 ,,#DIV/0!,4.645.872,1.131.581,92%,,,#DIV/0!,#REF!,866684,#REF!,,,,,,,,,,,,,,,,,,,
Semana 52,,11/23/27,Sunday,,,,  5.052.743 ,  1.660.556 ,,#DIV/0!,4.645.872,1.131.581,92%,,,#DIV/0!,#REF!,866684,#REF!,,,,,,,,,,,,,,,,,,,
Semana 52,,11/24/27,Sunday,,,,  5.052.743 ,  1.660.556 ,,#DIV/0!,4.645.872,1.131.581,92%,,,#DIV/0!,#REF!,866684,#REF!,,,,,,,,,,,,,,,,,,,
Semana 52,,11/25/27,Sunday,,,,  5.052.743 ,  1.660.556 ,,#DIV/0!,4.645.872,1.131.581,92%,,,#DIV/0!,#REF!,866684,#REF!,,,,,,,,,,,,,,,,,,,
Semana 52,,11/26/27,Sunday,,,,  5.052.743 ,  1.660.556 ,,#DIV/0!,4.645.872,1.131.581,92%,,,#DIV/0!,#REF!,866684,#REF!,,,,,,,,,,,,,,,,,,,
Semana 52,,11/27/27,Sunday,,,,  5.052.743 ,  1.660.556 ,,#DIV/0!,4.645.872,1.131.581,92%,,,#DIV/0!,#REF!,866684,#REF!,,,,,,,,,,,,,,,,,,,
Semana 52,,11/28/27,Sunday,,,,  5.052.743 ,  1.660.556 ,,#DIV/0!,4.645.872,1.131.581,92%,,,#DIV/0!,#REF!,866684,#REF!,,,,,,,,,,,,,,,,,,,
Semana 52,,11/29/27,Sunday,,,,  5.052.743 ,  1.660.556 ,,#DIV/0!,4.645.872,1.131.581,92%,,,#DIV/0!,#REF!,866684,#REF!,,,,,,,,,,,,,,,,,,,
Semana 52,,11/30/27,Sunday,,,,  5.052.743 ,  1.660.556 ,,#DIV/0!,4.645.872,1.131.581,92%,,,#DIV/0!,#REF!,866684,#REF!,,,,,,,,,,,,,,,,,,,
Semana 52,,12/01/27,Sunday,,,,  5.052.743 ,  1.660.556 ,,#DIV/0!,4.645.872,1.131.581,92%,,,#DIV/0!,#REF!,866684,#REF!,,,,,,,,,,,,,,,,,,,
Semana 52,,12/02/27,Sunday,,,,  5.052.743 ,  1.660.556 ,,#DIV/0!,4.645.872,1.131.581,92%,,,#DIV/0!,#REF!,866684,#REF!,,,,,,,,,,,,,,,,,,,
Semana 52,,12/03/27,Sunday,,,,  5.052.743 ,  1.660.556 ,,#DIV/0!,4.645.872,1.131.581,92%,,,#DIV/0!,#REF!,866684,#REF!,,,,,,,,,,,,,,,,,,,
Semana 52,,12/04/27,Sunday,,,,  5.052.743 ,  1.660.556 ,,#DIV/0!,4.645.872,1.131.581,92%,,,#DIV/0!,#REF!,866684,#REF!,,,,,,,,,,,,,,,,,,,
Semana 52,,12/05/27,Sunday,,,,  5.052.743 ,  1.660.556 ,,#DIV/0!,4.645.872,1.131.581,92%,,,#DIV/0!,#REF!,866684,#REF!,,,,,,,,,,,,,,,,,,,
Semana 52,,12/06/27,Sunday,,,,  5.052.743 ,  1.660.556 ,,#DIV/0!,4.645.872,1.131.581,92%,,,#DIV/0!,#REF!,866684,#REF!,,,,,,,,,,,,,,,,,,,
Semana 52,,12/07/27,Sunday,,,,  5.052.743 ,  1.660.556 ,,#DIV/0!,4.645.872,1.131.581,92%,,,#DIV/0!,#REF!,866684,#REF!,,,,,,,,,,,,,,,,,,,
Semana 52,,12/08/27,Sunday,,,,  5.052.743 ,  1.660.556 ,,#DIV/0!,4.645.872,1.131.581,92%,,,#DIV/0!,#REF!,866684,#REF!,,,,,,,,,,,,,,,,,,,
Semana 52,,12/09/27,Sunday,,,,  5.052.743 ,  1.660.556 ,,#DIV/0!,4.645.872,1.131.581,92%,,,#DIV/0!,#REF!,866684,#REF!,,,,,,,,,,,,,,,,,,,
Semana 52,,12/10/27,Sunday,,,,  5.052.743 ,  1.660.556 ,,#DIV/0!,4.645.872,1.131.581,92%,,,#DIV/0!,#REF!,866684,#REF!,,,,,,,,,,,,,,,,,,,
Semana 52,,12/11/27,Sunday,,,,  5.052.743 ,  1.660.556 ,,#DIV/0!,4.645.872,1.131.581,92%,,,#DIV/0!,#REF!,866684,#REF!,,,,,,,,,,,,,,,,,,,
Semana 52,,12/12/27,Sunday,,,,  5.052.743 ,  1.660.556 ,,#DIV/0!,4.645.872,1.131.581,92%,,,#DIV/0!,#REF!,866684,#REF!,,,,,,,,,,,,,,,,,,,
Semana 52,,12/13/27,Sunday,,,,  5.052.743 ,  1.660.556 ,,#DIV/0!,4.645.872,1.131.581,92%,,,#DIV/0!,#REF!,866684,#REF!,,,,,,,,,,,,,,,,,,,
Semana 52,,12/14/27,Sunday,,,,  5.052.743 ,  1.660.556 ,,#DIV/0!,4.645.872,1.131.581,92%,,,#DIV/0!,#REF!,866684,#REF!,,,,,,,,,,,,,,,,,,,
Semana 52,,12/15/27,Sunday,,,,  5.052.743 ,  1.660.556 ,,#DIV/0!,4.645.872,1.131.581,92%,,,#DIV/0!,#REF!,866684,#REF!,,,,,,,,,,,,,,,,,,,
Semana 52,,12/16/27,Sunday,,,,  5.052.743 ,  1.660.556 ,,#DIV/0!,4.645.872,1.131.581,92%,,,#DIV/0!,#REF!,866684,#REF!,,,,,,,,,,,,,,,,,,,
Semana 52,,12/17/27,Sunday,,,,  5.052.743 ,  1.660.556 ,,#DIV/0!,4.645.872,1.131.581,92%,,,#DIV/0!,#REF!,866684,#REF!,,,,,,,,,,,,,,,,,,,
Semana 52,,12/18/27,Sunday,,,,  5.052.743 ,  1.660.556 ,,#DIV/0!,4.645.872,1.131.581,92%,,,#DIV/0!,#REF!,866684,#REF!,,,,,,,,,,,,,,,,,,,
Semana 52,,12/19/27,Sunday,,,,  5.052.743 ,  1.660.556 ,,#DIV/0!,4.645.872,1.131.581,92%,,,#DIV/0!,#REF!,866684,#REF!,,,,,,,,,,,,,,,,,,,
Semana 52,,12/20/27,Sunday,,,,  5.052.743 ,  1.660.556 ,,#DIV/0!,4.645.872,1.131.581,92%,,,#DIV/0!,#REF!,866684,#REF!,,,,,,,,,,,,,,,,,,,
Semana 52,,12/21/27,Sunday,,,,  5.052.743 ,  1.660.556 ,,#DIV/0!,4.645.872,1.131.581,92%,,,#DIV/0!,#REF!,866684,#REF!,,,,,,,,,,,,,,,,,,,
Semana 52,,12/22/27,Sunday,,,,  5.052.743 ,  1.660.556 ,,#DIV/0!,4.645.872,1.131.581,92%,,,#DIV/0!,#REF!,866684,#REF!,,,,,,,,,,,,,,,,,,,
Semana 52,,12/23/27,Sunday,,,,  5.052.743 ,  1.660.556 ,,#DIV/0!,4.645.872,1.131.581,92%,,,#DIV/0!,#REF!,866684,#REF!,,,,,,,,,,,,,,,,,,,
Semana 52,,12/24/27,Sunday,,,,  5.052.743 ,  1.660.556 ,,#DIV/0!,4.645.872,1.131.581,92%,,,#DIV/0!,#REF!,866684,#REF!,,,,,,,,,,,,,,,,,,,
Semana 52,,12/25/27,Sunday,,,,  5.052.743 ,  1.660.556 ,,#DIV/0!,4.645.872,1.131.581,92%,,,#DIV/0!,#REF!,866684,#REF!,,,,,,,,,,,,,,,,,,,
Semana 52,,12/26/27,Sunday,,,,  5.052.743 ,  1.660.556 ,,#DIV/0!,4.645.872,1.131.581,92%,,,#DIV/0!,#REF!,866684,#REF!,,,,,,,,,,,,,,,,,,,
Semana 52,,12/27/27,Sunday,,,,  5.052.743 ,  1.660.556 ,,#DIV/0!,4.645.872,1.131.581,92%,,,#DIV/0!,#REF!,866684,#REF!,,,,,,,,,,,,,,,,,,,
Semana 52,,12/28/27,Sunday,,,,  5.052.743 ,  1.660.556 ,,#DIV/0!,4.645.872,1.131.581,92%,,,#DIV/0!,#REF!,866684,#REF!,,,,,,,,,,,,,,,,,,,
Semana 52,,12/29/27,Sunday,,,,  5.052.743 ,  1.660.556 ,,#DIV/0!,4.645.872,1.131.581,92%,,,#DIV/0!,#REF!,866684,#REF!,,,,,,,,,,,,,,,,,,,
Semana 52,,12/30/27,Sunday,,,,  5.052.743 ,  1.660.556 ,,#DIV/0!,4.645.872,1.131.581,92%,,,#DIV/0!,#REF!,866684,#REF!,,,,,,,,,,,,,,,,,,,
Semana 52,,12/31/27,Sunday,,,,  5.052.743 ,  1.660.556 ,,#DIV/0!,4.645.872,1.131.581,92%,,,#DIV/0!,#REF!,866684,#REF!,,,,,,,,,,,,,,,,,,,
Semana 52,,01/01/28,Sunday,,,,  5.052.743 ,  1.660.556 ,,#DIV/0!,4.645.872,1.131.581,92%,,,#DIV/0!,#REF!,866684,#REF!,,,,,,,,,,,,,,,,,,,
Semana 52,,01/02/28,Sunday,,,,  5.052.743 ,  1.660.556 ,,#DIV/0!,4.645.872,1.131.581,92%,,,#DIV/0!,#REF!,866684,#REF!,,,,,,,,,,,,,,,,,,,
Semana 52,,01/03/28,Sunday,,,,  5.052.743 ,  1.660.556 ,,#DIV/0!,4.645.872,1.131.581,92%,,,#DIV/0!,#REF!,866684,#REF!,,,,,,,,,,,,,,,,,,,
Semana 52,,01/04/28,Sunday,,,,  5.052.743 ,  1.660.556 ,,#DIV/0!,4.645.872,1.131.581,92%,,,#DIV/0!,#REF!,866684,#REF!,,,,,,,,,,,,,,,,,,,
Semana 52,,01/05/28,Sunday,,,,  5.052.743 ,  1.660.556 ,,#DIV/0!,4.645.872,1.131.581,92%,,,#DIV/0!,#REF!,866684,#REF!,,,,,,,,,,,,,,,,,,,
Semana 52,,01/06/28,Sunday,,,,  5.052.743 ,  1.660.556 ,,#DIV/0!,4.645.872,1.131.581,92%,,,#DIV/0!,#REF!,866684,#REF!,,,,,,,,,,,,,,,,,,,
Semana 52,,01/07/28,Sunday,,,,  5.052.743 ,  1.660.556 ,,#DIV/0!,4.645.872,1.131.581,92%,,,#DIV/0!,#REF!,866684,#REF!,,,,,,,,,,,,,,,,,,,
Semana 52,,01/08/28,Sunday,,,,  5.052.743 ,  1.660.556 ,,#DIV/0!,4.645.872,1.131.581,92%,,,#DIV/0!,#REF!,866684,#REF!,,,,,,,,,,,,,,,,,,,
Semana 52,,01/09/28,Sunday,,,,  5.052.743 ,  1.660.556 ,,#DIV/0!,4.645.872,1.131.581,92%,,,#DIV/0!,#REF!,866684,#REF!,,,,,,,,,,,,,,,,,,,
Semana 52,,01/10/28,Sunday,,,,  5.052.743 ,  1.660.556 ,,#DIV/0!,4.645.872,1.131.581,92%,,,#DIV/0!,#REF!,866684,#REF!,,,,,,,,,,,,,,,,,,,
Semana 52,,01/11/28,Sunday,,,,  5.052.743 ,  1.660.556 ,,#DIV/0!,4.645.872,1.131.581,92%,,,#DIV/0!,#REF!,866684,#REF!,,,,,,,,,,,,,,,,,,,
Semana 52,,01/12/28,Sunday,,,,  5.052.743 ,  1.660.556 ,,#DIV/0!,4.645.872,1.131.581,92%,,,#DIV/0!,#REF!,866684,#REF!,,,,,,,,,,,,,,,,,,,
Semana 52,,01/13/28,Sunday,,,,  5.052.743 ,  1.660.556 ,,#DIV/0!,4.645.872,1.131.581,92%,,,#DIV/0!,#REF!,866684,#REF!,,,,,,,,,,,,,,,,,,,
Semana 52,,01/14/28,Sunday,,,,  5.052.743 ,  1.660.556 ,,#DIV/0!,4.645.872,1.131.581,92%,,,#DIV/0!,#REF!,866684,#REF!,,,,,,,,,,,,,,,,,,,
Semana 52,,01/15/28,Sunday,,,,  5.052.743 ,  1.660.556 ,,#DIV/0!,4.645.872,1.131.581,92%,,,#DIV/0!,#REF!,866684,#REF!,,,,,,,,,,,,,,,,,,,
Semana 52,,01/16/28,Sunday,,,,  5.052.743 ,  1.660.556 ,,#DIV/0!,4.645.872,1.131.581,92%,,,#DIV/0!,#REF!,866684,#REF!,,,,,,,,,,,,,,,,,,,
Semana 52,,01/17/28,Sunday,,,,  5.052.743 ,  1.660.556 ,,#DIV/0!,4.645.872,1.131.581,92%,,,#DIV/0!,#REF!,866684,#REF!,,,,,,,,,,,,,,,,,,,
Semana 52,,01/18/28,Sunday,,,,  5.052.743 ,  1.660.556 ,,#DIV/0!,4.645.872,1.131.581,92%,,,#DIV/0!,#REF!,866684,#REF!,,,,,,,,,,,,,,,,,,,
Semana 52,,01/19/28,Sunday,,,,  5.052.743 ,  1.660.556 ,,#DIV/0!,4.645.872,1.131.581,92%,,,#DIV/0!,#REF!,866684,#REF!,,,,,,,,,,,,,,,,,,,
Semana 52,,01/20/28,Sunday,,,,  5.052.743 ,  1.660.556 ,,#DIV/0!,4.645.872,1.131.581,92%,,,#DIV/0!,#REF!,866684,#REF!,,,,,,,,,,,,,,,,,,,
Semana 52,,01/21/28,Sunday,,,,  5.052.743 ,  1.660.556 ,,#DIV/0!,4.645.872,1.131.581,92%,,,#DIV/0!,#REF!,866684,#REF!,,,,,,,,,,,,,,,,,,,
Semana 52,,01/22/28,Sunday,,,,  5.052.743 ,  1.660.556 ,,#DIV/0!,4.645.872,1.131.581,92%,,,#DIV/0!,#REF!,866684,#REF!,,,,,,,,,,,,,,,,,,,
Semana 52,,01/23/28,Sunday,,,,  5.052.743 ,  1.660.556 ,,#DIV/0!,4.645.872,1.131.581,92%,,,#DIV/0!,#REF!,866684,#REF!,,,,,,,,,,,,,,,,,,,
Semana 52,,01/24/28,Sunday,,,,  5.052.743 ,  1.660.556 ,,#DIV/0!,4.645.872,1.131.581,92%,,,#DIV/0!,#REF!,866684,#REF!,,,,,,,,,,,,,,,,,,,
Semana 52,,01/25/28,Sunday,,,,  5.052.743 ,  1.660.556 ,,#DIV/0!,4.645.872,1.131.581,92%,,,#DIV/0!,#REF!,866684,#REF!,,,,,,,,,,,,,,,,,,,
Semana 52,,01/26/28,Sunday,,,,  5.052.743 ,  1.660.556 ,,#DIV/0!,4.645.872,1.131.581,92%,,,#DIV/0!,#REF!,866684,#REF!,,,,,,,,,,,,,,,,,,,
Semana 52,,01/27/28,Sunday,,,,  5.052.743 ,  1.660.556 ,,#DIV/0!,4.645.872,1.131.581,92%,,,#DIV/0!,#REF!,866684,#REF!,,,,,,,,,,,,,,,,,,,
Semana 52,,01/28/28,Sunday,,,,  5.052.743 ,  1.660.556 ,,#DIV/0!,4.645.872,1.131.581,92%,,,#DIV/0!,#REF!,866684,#REF!,,,,,,,,,,,,,,,,,,,
Semana 52,,01/29/28,Sunday,,,,  5.052.743 ,  1.660.556 ,,#DIV/0!,4.645.872,1.131.581,92%,,,#DIV/0!,#REF!,866684,#REF!,,,,,,,,,,,,,,,,,,,
Semana 52,,01/30/28,Sunday,,,,  5.052.743 ,  1.660.556 ,,#DIV/0!,4.645.872,1.131.581,92%,,,#DIV/0!,#REF!,866684,#REF!,,,,,,,,,,,,,,,,,,,
Semana 52,,01/31/28,Sunday,,,,  5.052.743 ,  1.660.556 ,,#DIV/0!,4.645.872,1.131.581,92%,,,#DIV/0!,#REF!,866684,#REF!,,,,,,,,,,,,,,,,,,,
Semana 52,,02/01/28,Sunday,,,,  5.052.743 ,  1.660.556 ,,#DIV/0!,4.645.872,1.131.581,92%,,,#DIV/0!,#REF!,866684,#REF!,,,,,,,,,,,,,,,,,,,
Semana 52,,02/02/28,Sunday,,,,  5.052.743 ,  1.660.556 ,,#DIV/0!,4.645.872,1.131.581,92%,,,#DIV/0!,#REF!,866684,#REF!,,,,,,,,,,,,,,,,,,,
Semana 52,,02/03/28,Sunday,,,,  5.052.743 ,  1.660.556 ,,#DIV/0!,4.645.872,1.131.581,92%,,,#DIV/0!,#REF!,866684,#REF!,,,,,,,,,,,,,,,,,,,
Semana 52,,02/04/28,Sunday,,,,  5.052.743 ,  1.660.556 ,,#DIV/0!,4.645.872,1.131.581,92%,,,#DIV/0!,#REF!,866684,#REF!,,,,,,,,,,,,,,,,,,,
Semana 52,,02/05/28,Sunday,,,,  5.052.743 ,  1.660.556 ,,#DIV/0!,4.645.872,1.131.581,92%,,,#DIV/0!,#REF!,866684,#REF!,,,,,,,,,,,,,,,,,,,
Semana 52,,02/06/28,Sunday,,,,  5.052.743 ,  1.660.556 ,,#DIV/0!,4.645.872,1.131.581,92%,,,#DIV/0!,#REF!,866684,#REF!,,,,,,,,,,,,,,,,,,,
Semana 52,,02/07/28,Sunday,,,,  5.052.743 ,  1.660.556 ,,#DIV/0!,4.645.872,1.131.581,92%,,,#DIV/0!,#REF!,866684,#REF!,,,,,,,,,,,,,,,,,,,
Semana 52,,02/08/28,Sunday,,,,  5.052.743 ,  1.660.556 ,,#DIV/0!,4.645.872,1.131.581,92%,,,#DIV/0!,#REF!,866684,#REF!,,,,,,,,,,,,,,,,,,,
Semana 52,,02/09/28,Sunday,,,,  5.052.743 ,  1.660.556 ,,#DIV/0!,4.645.872,1.131.581,92%,,,#DIV/0!,#REF!,866684,#REF!,,,,,,,,,,,,,,,,,,,
Semana 52,,02/10/28,Sunday,,,,  5.052.743 ,  1.660.556 ,,#DIV/0!,4.645.872,1.131.581,92%,,,#DIV/0!,#REF!,866684,#REF!,,,,,,,,,,,,,,,,,,,
Semana 52,,02/11/28,Sunday,,,,  5.052.743 ,  1.660.556 ,,#DIV/0!,4.645.872,1.131.581,92%,,,#DIV/0!,#REF!,866684,#REF!,,,,,,,,,,,,,,,,,,,
Semana 52,,02/12/28,Sunday,,,,  5.052.743 ,  1.660.556 ,,#DIV/0!,4.645.872,1.131.581,92%,,,#DIV/0!,#REF!,866684,#REF!,,,,,,,,,,,,,,,,,,,
Semana 52,,02/13/28,Sunday,,,,  5.052.743 ,  1.660.556 ,,#DIV/0!,4.645.872,1.131.581,92%,,,#DIV/0!,#REF!,866684,#REF!,,,,,,,,,,,,,,,,,,,
Semana 52,,02/14/28,Sunday,,,,  5.052.743 ,  1.660.556 ,,#DIV/0!,4.645.872,1.131.581,92%,,,#DIV/0!,#REF!,866684,#REF!,,,,,,,,,,,,,,,,,,,
Semana 52,,02/15/28,Sunday,,,,  5.052.743 ,  1.660.556 ,,#DIV/0!,4.645.872,1.131.581,92%,,,#DIV/0!,#REF!,866684,#REF!,,,,,,,,,,,,,,,,,,,
Semana 52,,02/16/28,Sunday,,,,  5.052.743 ,  1.660.556 ,,#DIV/0!,4.645.872,1.131.581,92%,,,#DIV/0!,#REF!,866684,#REF!,,,,,,,,,,,,,,,,,,,
Semana 52,,02/17/28,Sunday,,,,  5.052.743 ,  1.660.556 ,,#DIV/0!,4.645.872,1.131.581,92%,,,#DIV/0!,#REF!,866684,#REF!,,,,,,,,,,,,,,,,,,,
Semana 52,,02/18/28,Sunday,,,,  5.052.743 ,  1.660.556 ,,#DIV/0!,4.645.872,1.131.581,92%,,,#DIV/0!,#REF!,866684,#REF!,,,,,,,,,,,,,,,,,,,
Semana 52,,02/19/28,Sunday,,,,  5.052.743 ,  1.660.556 ,,#DIV/0!,4.645.872,1.131.581,92%,,,#DIV/0!,#REF!,866684,#REF!,,,,,,,,,,,,,,,,,,,
Semana 52,,02/20/28,Sunday,,,,  5.052.743 ,  1.660.556 ,,#DIV/0!,4.645.872,1.131.581,92%,,,#DIV/0!,#REF!,866684,#REF!,,,,,,,,,,,,,,,,,,,
Semana 52,,02/21/28,Sunday,,,,  5.052.743 ,  1.660.556 ,,#DIV/0!,4.645.872,1.131.581,92%,,,#DIV/0!,#REF!,866684,#REF!,,,,,,,,,,,,,,,,,,,
Semana 52,,02/22/28,Sunday,,,,  5.052.743 ,  1.660.556 ,,#DIV/0!,4.645.872,1.131.581,92%,,,#DIV/0!,#REF!,866684,#REF!,,,,,,,,,,,,,,,,,,,
Semana 52,,02/23/28,Sunday,,,,  5.052.743 ,  1.660.556 ,,#DIV/0!,4.645.872,1.131.581,92%,,,#DIV/0!,#REF!,866684,#REF!,,,,,,,,,,,,,,,,,,,
Semana 52,,02/24/28,Sunday,,,,  5.052.743 ,  1.660.556 ,,#DIV/0!,4.645.872,1.131.581,92%,,,#DIV/0!,#REF!,866684,#REF!,,,,,,,,,,,,,,,,,,,
Semana 52,,02/25/28,Sunday,,,,  5.052.743 ,  1.660.556 ,,#DIV/0!,4.645.872,1.131.581,92%,,,#DIV/0!,#REF!,866684,#REF!,,,,,,,,,,,,,,,,,,,
Semana 52,,02/26/28,Sunday,,,,  5.052.743 ,  1.660.556 ,,#DIV/0!,4.645.872,1.131.581,92%,,,#DIV/0!,#REF!,866684,#REF!,,,,,,,,,,,,,,,,,,,
Semana 52,,02/27/28,Sunday,,,,  5.052.743 ,  1.660.556 ,,#DIV/0!,4.645.872,1.131.581,92%,,,#DIV/0!,#REF!,866684,#REF!,,,,,,,,,,,,,,,,,,,
Semana 52,,02/28/28,Sunday,,,,  5.052.743 ,  1.660.556 ,,#DIV/0!,4.645.872,1.131.581,92%,,,#DIV/0!,#REF!,866684,#REF!,,,,,,,,,,,,,,,,,,,
Semana 52,,02/29/28,Sunday,,,,  5.052.743 ,  1.660.556 ,,#DIV/0!,4.645.872,1.131.581,92%,,,#DIV/0!,#REF!,866684,#REF!,,,,,,,,,,,,,,,,,,,
Semana 52,,03/01/28,Sunday,,,,  5.052.743 ,  1.660.556 ,,#DIV/0!,4.645.872,1.131.581,92%,,,#DIV/0!,#REF!,866684,#REF!,,,,,,,,,,,,,,,,,,,
Semana 52,,03/02/28,Sunday,,,,  5.052.743 ,  1.660.556 ,,#DIV/0!,4.645.872,1.131.581,92%,,,#DIV/0!,#REF!,866684,#REF!,,,,,,,,,,,,,,,,,,,
Semana 52,,03/03/28,Sunday,,,,  5.052.743 ,  1.660.556 ,,#DIV/0!,4.645.872,1.131.581,92%,,,#DIV/0!,#REF!,866684,#REF!,,,,,,,,,,,,,,,,,,,
Semana 52,,03/04/28,Sunday,,,,  5.052.743 ,  1.660.556 ,,#DIV/0!,4.645.872,1.131.581,92%,,,#DIV/0!,#REF!,866684,#REF!,,,,,,,,,,,,,,,,,,,
Semana 52,,03/05/28,Sunday,,,,  5.052.743 ,  1.660.556 ,,#DIV/0!,4.645.872,1.131.581,92%,,,#DIV/0!,#REF!,866684,#REF!,,,,,,,,,,,,,,,,,,,
Semana 52,,03/06/28,Sunday,,,,  5.052.743 ,  1.660.556 ,,#DIV/0!,4.645.872,1.131.581,92%,,,#DIV/0!,#REF!,866684,#REF!,,,,,,,,,,,,,,,,,,,
Semana 52,,03/07/28,Sunday,,,,  5.052.743 ,  1.660.556 ,,#DIV/0!,4.645.872,1.131.581,92%,,,#DIV/0!,#REF!,866684,#REF!,,,,,,,,,,,,,,,,,,,
Semana 52,,03/08/28,Sunday,,,,  5.052.743 ,  1.660.556 ,,#DIV/0!,4.645.872,1.131.581,92%,,,#DIV/0!,#REF!,866684,#REF!,,,,,,,,,,,,,,,,,,,
Semana 52,,03/09/28,Sunday,,,,  5.052.743 ,  1.660.556 ,,#DIV/0!,4.645.872,1.131.581,92%,,,#DIV/0!,#REF!,866684,#REF!,,,,,,,,,,,,,,,,,,,
Semana 52,,03/10/28,Sunday,,,,  5.052.743 ,  1.660.556 ,,#DIV/0!,4.645.872,1.131.581,92%,,,#DIV/0!,#REF!,866684,#REF!,,,,,,,,,,,,,,,,,,,
Semana 52,,03/11/28,Sunday,,,,  5.052.743 ,  1.660.556 ,,#DIV/0!,4.645.872,1.131.581,92%,,,#DIV/0!,#REF!,866684,#REF!,,,,,,,,,,,,,,,,,,,
Semana 52,,03/12/28,Sunday,,,,  5.052.743 ,  1.660.556 ,,#DIV/0!,4.645.872,1.131.581,92%,,,#DIV/0!,#REF!,866684,#REF!,,,,,,,,,,,,,,,,,,,
Semana 52,,03/13/28,Sunday,,,,  5.052.743 ,  1.660.556 ,,#DIV/0!,4.645.872,1.131.581,92%,,,#DIV/0!,#REF!,866684,#REF!,,,,,,,,,,,,,,,,,,,
Semana 52,,03/14/28,Sunday,,,,  5.052.743 ,  1.660.556 ,,#DIV/0!,4.645.872,1.131.581,92%,,,#DIV/0!,#REF!,866684,#REF!,,,,,,,,,,,,,,,,,,,
Semana 52,,03/15/28,Sunday,,,,  5.052.743 ,  1.660.556 ,,#DIV/0!,4.645.872,1.131.581,92%,,,#DIV/0!,#REF!,866684,#REF!,,,,,,,,,,,,,,,,,,,
Semana 52,,03/16/28,Sunday,,,,  5.052.743 ,  1.660.556 ,,#DIV/0!,4.645.872,1.131.581,92%,,,#DIV/0!,#REF!,866684,#REF!,,,,,,,,,,,,,,,,,,,
Semana 52,,03/17/28,Sunday,,,,  5.052.743 ,  1.660.556 ,,#DIV/0!,4.645.872,1.131.581,92%,,,#DIV/0!,#REF!,866684,#REF!,,,,,,,,,,,,,,,,,,,
Semana 52,,03/18/28,Sunday,,,,  5.052.743 ,  1.660.556 ,,#DIV/0!,4.645.872,1.131.581,92%,,,#DIV/0!,#REF!,866684,#REF!,,,,,,,,,,,,,,,,,,,
Semana 52,,03/19/28,Sunday,,,,  5.052.743 ,  1.660.556 ,,#DIV/0!,4.645.872,1.131.581,92%,,,#DIV/0!,#REF!,866684,#REF!,,,,,,,,,,,,,,,,,,,
Semana 52,,03/20/28,Sunday,,,,  5.052.743 ,  1.660.556 ,,#DIV/0!,4.645.872,1.131.581,92%,,,#DIV/0!,#REF!,866684,#REF!,,,,,,,,,,,,,,,,,,,
Semana 52,,03/21/28,Sunday,,,,  5.052.743 ,  1.660.556 ,,#DIV/0!,4.645.872,1.131.581,92%,,,#DIV/0!,#REF!,866684,#REF!,,,,,,,,,,,,,,,,,,,
Semana 52,,03/22/28,Sunday,,,,  5.052.743 ,  1.660.556 ,,#DIV/0!,4.645.872,1.131.581,92%,,,#DIV/0!,#REF!,866684,#REF!,,,,,,,,,,,,,,,,,,,
Semana 52,,03/23/28,Sunday,,,,  5.052.743 ,  1.660.556 ,,#DIV/0!,4.645.872,1.131.581,92%,,,#DIV/0!,#REF!,866684,#REF!,,,,,,,,,,,,,,,,,,,
Semana 52,,03/24/28,Sunday,,,,  5.052.743 ,  1.660.556 ,,#DIV/0!,4.645.872,1.131.581,92%,,,#DIV/0!,#REF!,866684,#REF!,,,,,,,,,,,,,,,,,,,
Semana 52,,03/25/28,Sunday,,,,  5.052.743 ,  1.660.556 ,,#DIV/0!,4.645.872,1.131.581,92%,,,#DIV/0!,#REF!,866684,#REF!,,,,,,,,,,,,,,,,,,,
Semana 52,,03/26/28,Sunday,,,,  5.052.743 ,  1.660.556 ,,#DIV/0!,4.645.872,1.131.581,92%,,,#DIV/0!,#REF!,866684,#REF!,,,,,,,,,,,,,,,,,,,
Semana 52,,03/27/28,Sunday,,,,  5.052.743 ,  1.660.556 ,,#DIV/0!,4.645.872,1.131.581,92%,,,#DIV/0!,#REF!,866684,#REF!,,,,,,,,,,,,,,,,,,,
Semana 52,,03/28/28,Sunday,,,,  5.052.743 ,  1.660.556 ,,#DIV/0!,4.645.872,1.131.581,92%,,,#DIV/0!,#REF!,866684,#REF!,,,,,,,,,,,,,,,,,,,
Semana 52,,03/29/28,Sunday,,,,  5.052.743 ,  1.660.556 ,,#DIV/0!,4.645.872,1.131.581,92%,,,#DIV/0!,#REF!,866684,#REF!,,,,,,,,,,,,,,,,,,,
Semana 52,,03/30/28,Sunday,,,,  5.052.743 ,  1.660.556 ,,#DIV/0!,4.645.872,1.131.581,92%,,,#DIV/0!,#REF!,866684,#REF!,,,,,,,,,,,,,,,,,,,
Semana 52,,03/31/28,Sunday,,,,  5.052.743 ,  1.660.556 ,,#DIV/0!,4.645.872,1.131.581,92%,,,#DIV/0!,#REF!,866684,#REF!,,,,,,,,,,,,,,,,,,,
Semana 52,,04/01/28,Sunday,,,,  5.052.743 ,  1.660.556 ,,#DIV/0!,4.645.872,1.131.581,92%,,,#DIV/0!,#REF!,866684,#REF!,,,,,,,,,,,,,,,,,,,
Semana 52,,04/02/28,Sunday,,,,  5.052.743 ,  1.660.556 ,,#DIV/0!,4.645.872,1.131.581,92%,,,#DIV/0!,#REF!,866684,#REF!,,,,,,,,,,,,,,,,,,,
Semana 52,,04/03/28,Sunday,,,,  5.052.743 ,  1.660.556 ,,#DIV/0!,4.645.872,1.131.581,92%,,,#DIV/0!,#REF!,866684,#REF!,,,,,,,,,,,,,,,,,,,
Semana 52,,04/04/28,Sunday,,,,  5.052.743 ,  1.660.556 ,,#DIV/0!,4.645.872,1.131.581,92%,,,#DIV/0!,#REF!,866684,#REF!,,,,,,,,,,,,,,,,,,,
Semana 52,,04/05/28,Sunday,,,,  5.052.743 ,  1.660.556 ,,#DIV/0!,4.645.872,1.131.581,92%,,,#DIV/0!,#REF!,866684,#REF!,,,,,,,,,,,,,,,,,,,
Semana 52,,04/06/28,Sunday,,,,  5.052.743 ,  1.660.556 ,,#DIV/0!,4.645.872,1.131.581,92%,,,#DIV/0!,#REF!,866684,#REF!,,,,,,,,,,,,,,,,,,,
Semana 52,,04/07/28,Sunday,,,,  5.052.743 ,  1.660.556 ,,#DIV/0!,4.645.872,1.131.581,92%,,,#DIV/0!,#REF!,866684,#REF!,,,,,,,,,,,,,,,,,,,
Semana 52,,04/08/28,Sunday,,,,  5.052.743 ,  1.660.556 ,,#DIV/0!,4.645.872,1.131.581,92%,,,#DIV/0!,#REF!,866684,#REF!,,,,,,,,,,,,,,,,,,,
Semana 52,,04/09/28,Sunday,,,,  5.052.743 ,  1.660.556 ,,#DIV/0!,4.645.872,1.131.581,92%,,,#DIV/0!,#REF!,866684,#REF!,,,,,,,,,,,,,,,,,,,
Semana 52,,04/10/28,Sunday,,,,  5.052.743 ,  1.660.556 ,,#DIV/0!,4.645.872,1.131.581,92%,,,#DIV/0!,#REF!,866684,#REF!,,,,,,,,,,,,,,,,,,,
Semana 52,,04/11/28,Sunday,,,,  5.052.743 ,  1.660.556 ,,#DIV/0!,4.645.872,1.131.581,92%,,,#DIV/0!,#REF!,866684,#REF!,,,,,,,,,,,,,,,,,,,
Semana 52,,04/12/28,Sunday,,,,  5.052.743 ,  1.660.556 ,,#DIV/0!,4.645.872,1.131.581,92%,,,#DIV/0!,#REF!,866684,#REF!,,,,,,,,,,,,,,,,,,,
Semana 52,,04/13/28,Sunday,,,,  5.052.743 ,  1.660.556 ,,#DIV/0!,4.645.872,1.131.581,92%,,,#DIV/0!,#REF!,866684,#REF!,,,,,,,,,,,,,,,,,,,
Semana 52,,04/14/28,Sunday,,,,  5.052.743 ,  1.660.556 ,,#DIV/0!,4.645.872,1.131.581,92%,,,#DIV/0!,#REF!,866684,#REF!,,,,,,,,,,,,,,,,,,,
Semana 52,,04/15/28,Sunday,,,,  5.052.743 ,  1.660.556 ,,#DIV/0!,4.645.872,1.131.581,92%,,,#DIV/0!,#REF!,866684,#REF!,,,,,,,,,,,,,,,,,,,
Semana 52,,04/16/28,Sunday,,,,  5.052.743 ,  1.660.556 ,,#DIV/0!,4.645.872,1.131.581,92%,,,#DIV/0!,#REF!,866684,#REF!,,,,,,,,,,,,,,,,,,,
Semana 52,,04/17/28,Sunday,,,,  5.052.743 ,  1.660.556 ,,#DIV/0!,4.645.872,1.131.581,92%,,,#DIV/0!,#REF!,866684,#REF!,,,,,,,,,,,,,,,,,,,
Semana 52,,04/18/28,Sunday,,,,  5.052.743 ,  1.660.556 ,,#DIV/0!,4.645.872,1.131.581,92%,,,#DIV/0!,#REF!,866684,#REF!,,,,,,,,,,,,,,,,,,,
Semana 52,,04/19/28,Sunday,,,,  5.052.743 ,  1.660.556 ,,#DIV/0!,4.645.872,1.131.581,92%,,,#DIV/0!,#REF!,866684,#REF!,,,,,,,,,,,,,,,,,,,
Semana 52,,04/20/28,Sunday,,,,  5.052.743 ,  1.660.556 ,,#DIV/0!,4.645.872,1.131.581,92%,,,#DIV/0!,#REF!,866684,#REF!,,,,,,,,,,,,,,,,,,,
Semana 52,,04/21/28,Sunday,,,,  5.052.743 ,  1.660.556 ,,#DIV/0!,4.645.872,1.131.581,92%,,,#DIV/0!,#REF!,866684,#REF!,,,,,,,,,,,,,,,,,,,
Semana 52,,04/22/28,Sunday,,,,  5.052.743 ,  1.660.556 ,,#DIV/0!,4.645.872,1.131.581,92%,,,#DIV/0!,#REF!,866684,#REF!,,,,,,,,,,,,,,,,,,,
Semana 52,,04/23/28,Sunday,,,,  5.052.743 ,  1.660.556 ,,#DIV/0!,4.645.872,1.131.581,92%,,,#DIV/0!,#REF!,866684,#REF!,,,,,,,,,,,,,,,,,,,
Semana 52,,04/24/28,Sunday,,,,  5.052.743 ,  1.660.556 ,,#DIV/0!,4.645.872,1.131.581,92%,,,#DIV/0!,#REF!,866684,#REF!,,,,,,,,,,,,,,,,,,,
Semana 52,,04/25/28,Sunday,,,,  5.052.743 ,  1.660.556 ,,#DIV/0!,4.645.872,1.131.581,92%,,,#DIV/0!,#REF!,866684,#REF!,,,,,,,,,,,,,,,,,,,
Semana 52,,04/26/28,Sunday,,,,  5.052.743 ,  1.660.556 ,,#DIV/0!,4.645.872,1.131.581,92%,,,#DIV/0!,#REF!,866684,#REF!,,,,,,,,,,,,,,,,,,,
Semana 52,,04/27/28,Sunday,,,,  5.052.743 ,  1.660.556 ,,#DIV/0!,4.645.872,1.131.581,92%,,,#DIV/0!,#REF!,866684,#REF!,,,,,,,,,,,,,,,,,,,
Semana 52,,04/28/28,Sunday,,,,  5.052.743 ,  1.660.556 ,,#DIV/0!,4.645.872,1.131.581,92%,,,#DIV/0!,#REF!,866684,#REF!,,,,,,,,,,,,,,,,,,,
Semana 52,,04/29/28,Sunday,,,,  5.052.743 ,  1.660.556 ,,#DIV/0!,4.645.872,1.131.581,92%,,,#DIV/0!,#REF!,866684,#REF!,,,,,,,,,,,,,,,,,,,
Semana 52,,04/30/28,Sunday,,,,  5.052.743 ,  1.660.556 ,,#DIV/0!,4.645.872,1.131.581,92%,,,#DIV/0!,#REF!,866684,#REF!,,,,,,,,,,,,,,,,,,,
Semana 52,,05/01/28,Sunday,,,,  5.052.743 ,  1.660.556 ,,#DIV/0!,4.645.872,1.131.581,92%,,,#DIV/0!,#REF!,866684,#REF!,,,,,,,,,,,,,,,,,,,
Semana 52,,05/02/28,Sunday,,,,  5.052.743 ,  1.660.556 ,,#DIV/0!,4.645.872,1.131.581,92%,,,#DIV/0!,#REF!,866684,#REF!,,,,,,,,,,,,,,,,,,,
Semana 52,,05/03/28,Sunday,,,,  5.052.743 ,  1.660.556 ,,#DIV/0!,4.645.872,1.131.581,92%,,,#DIV/0!,#REF!,866684,#REF!,,,,,,,,,,,,,,,,,,,
Semana 52,,05/04/28,Sunday,,,,  5.052.743 ,  1.660.556 ,,#DIV/0!,4.645.872,1.131.581,92%,,,#DIV/0!,#REF!,866684,#REF!,,,,,,,,,,,,,,,,,,,
Semana 52,,05/05/28,Sunday,,,,  5.052.743 ,  1.660.556 ,,#DIV/0!,4.645.872,1.131.581,92%,,,#DIV/0!,#REF!,866684,#REF!,,,,,,,,,,,,,,,,,,,
Semana 52,,05/06/28,Sunday,,,,  5.052.743 ,  1.660.556 ,,#DIV/0!,4.645.872,1.131.581,92%,,,#DIV/0!,#REF!,866684,#REF!,,,,,,,,,,,,,,,,,,,
Semana 52,,05/07/28,Sunday,,,,  5.052.743 ,  1.660.556 ,,#DIV/0!,4.645.872,1.131.581,92%,,,#DIV/0!,#REF!,866684,#REF!,,,,,,,,,,,,,,,,,,,
Semana 52,,05/08/28,Sunday,,,,  5.052.743 ,  1.660.556 ,,#DIV/0!,4.645.872,1.131.581,92%,,,#DIV/0!,#REF!,866684,#REF!,,,,,,,,,,,,,,,,,,,
Semana 52,,05/09/28,Sunday,,,,  5.052.743 ,  1.660.556 ,,#DIV/0!,4.645.872,1.131.581,92%,,,#DIV/0!,#REF!,866684,#REF!,,,,,,,,,,,,,,,,,,,
Semana 52,,05/10/28,Sunday,,,,  5.052.743 ,  1.660.556 ,,#DIV/0!,4.645.872,1.131.581,92%,,,#DIV/0!,#REF!,866684,#REF!,,,,,,,,,,,,,,,,,,,
Semana 52,,05/11/28,Sunday,,,,  5.052.743 ,  1.660.556 ,,#DIV/0!,4.645.872,1.131.581,92%,,,#DIV/0!,#REF!,866684,#REF!,,,,,,,,,,,,,,,,,,,
Semana 52,,05/12/28,Sunday,,,,  5.052.743 ,  1.660.556 ,,#DIV/0!,4.645.872,1.131.581,92%,,,#DIV/0!,#REF!,866684,#REF!,,,,,,,,,,,,,,,,,,,
Semana 52,,05/13/28,Sunday,,,,  5.052.743 ,  1.660.556 ,,#DIV/0!,4.645.872,1.131.581,92%,,,#DIV/0!,#REF!,866684,#REF!,,,,,,,,,,,,,,,,,,,
Semana 52,,05/14/28,Sunday,,,,  5.052.743 ,  1.660.556 ,,#DIV/0!,4.645.872,1.131.581,92%,,,#DIV/0!,#REF!,866684,#REF!,,,,,,,,,,,,,,,,,,,
Semana 52,,05/15/28,Sunday,,,,  5.052.743 ,  1.660.556 ,,#DIV/0!,4.645.872,1.131.581,92%,,,#DIV/0!,#REF!,866684,#REF!,,,,,,,,,,,,,,,,,,,
Semana 52,,05/16/28,Sunday,,,,  5.052.743 ,  1.660.556 ,,#DIV/0!,4.645.872,1.131.581,92%,,,#DIV/0!,#REF!,866684,#REF!,,,,,,,,,,,,,,,,,,,
Semana 52,,05/17/28,Sunday,,,,  5.052.743 ,  1.660.556 ,,#DIV/0!,4.645.872,1.131.581,92%,,,#DIV/0!,#REF!,866684,#REF!,,,,,,,,,,,,,,,,,,,
Semana 52,,05/18/28,Sunday,,,,  5.052.743 ,  1.660.556 ,,#DIV/0!,4.645.872,1.131.581,92%,,,#DIV/0!,#REF!,866684,#REF!,,,,,,,,,,,,,,,,,,,
Semana 52,,05/19/28,Sunday,,,,  5.052.743 ,  1.660.556 ,,#DIV/0!,4.645.872,1.131.581,92%,,,#DIV/0!,#REF!,866684,#REF!,,,,,,,,,,,,,,,,,,,
Semana 52,,05/20/28,Sunday,,,,  5.052.743 ,  1.660.556 ,,#DIV/0!,4.645.872,1.131.581,92%,,,#DIV/0!,#REF!,866684,#REF!,,,,,,,,,,,,,,,,,,,
Semana 52,,05/21/28,Sunday,,,,  5.052.743 ,  1.660.556 ,,#DIV/0!,4.645.872,1.131.581,92%,,,#DIV/0!,#REF!,866684,#REF!,,,,,,,,,,,,,,,,,,,
Semana 52,,05/22/28,Sunday,,,,  5.052.743 ,  1.660.556 ,,#DIV/0!,4.645.872,1.131.581,92%,,,#DIV/0!,#REF!,866684,#REF!,,,,,,,,,,,,,,,,,,,
Semana 52,,05/23/28,Sunday,,,,  5.052.743 ,  1.660.556 ,,#DIV/0!,4.645.872,1.131.581,92%,,,#DIV/0!,#REF!,866684,#REF!,,,,,,,,,,,,,,,,,,,
Semana 52,,05/24/28,Sunday,,,,  5.052.743 ,  1.660.556 ,,#DIV/0!,4.645.872,1.131.581,92%,,,#DIV/0!,#REF!,866684,#REF!,,,,,,,,,,,,,,,,,,,
Semana 52,,05/25/28,Sunday,,,,  5.052.743 ,  1.660.556 ,,#DIV/0!,4.645.872,1.131.581,92%,,,#DIV/0!,#REF!,866684,#REF!,,,,,,,,,,,,,,,,,,,
Semana 52,,05/26/28,Sunday,,,,  5.052.743 ,  1.660.556 ,,#DIV/0!,4.645.872,1.131.581,92%,,,#DIV/0!,#REF!,866684,#REF!,,,,,,,,,,,,,,,,,,,
Semana 52,,05/27/28,Sunday,,,,  5.052.743 ,  1.660.556 ,,#DIV/0!,4.645.872,1.131.581,92%,,,#DIV/0!,#REF!,866684,#REF!,,,,,,,,,,,,,,,,,,,
Semana 52,,05/28/28,Sunday,,,,  5.052.743 ,  1.660.556 ,,#DIV/0!,4.645.872,1.131.581,92%,,,#DIV/0!,#REF!,866684,#REF!,,,,,,,,,,,,,,,,,,,
Semana 52,,05/29/28,Sunday,,,,  5.052.743 ,  1.660.556 ,,#DIV/0!,4.645.872,1.131.581,92%,,,#DIV/0!,#REF!,866684,#REF!,,,,,,,,,,,,,,,,,,,
Semana 52,,05/30/28,Sunday,,,,  5.052.743 ,  1.660.556 ,,#DIV/0!,4.645.872,1.131.581,92%,,,#DIV/0!,#REF!,866684,#REF!,,,,,,,,,,,,,,,,,,,
Semana 52,,05/31/28,Sunday,,,,  5.052.743 ,  1.660.556 ,,#DIV/0!,4.645.872,1.131.581,92%,,,#DIV/0!,#REF!,866684,#REF!,,,,,,,,,,,,,,,,,,,
Semana 52,,06/01/28,Sunday,,,,  5.052.743 ,  1.660.556 ,,#DIV/0!,4.645.872,1.131.581,92%,,,#DIV/0!,#REF!,866684,#REF!,,,,,,,,,,,,,,,,,,,
Semana 52,,06/02/28,Sunday,,,,  5.052.743 ,  1.660.556 ,,#DIV/0!,4.645.872,1.131.581,92%,,,#DIV/0!,#REF!,866684,#REF!,,,,,,,,,,,,,,,,,,,
Semana 52,,06/03/28,Sunday,,,,  5.052.743 ,  1.660.556 ,,#DIV/0!,4.645.872,1.131.581,92%,,,#DIV/0!,#REF!,866684,#REF!,,,,,,,,,,,,,,,,,,,
Semana 52,,06/04/28,Sunday,,,,  5.052.743 ,  1.660.556 ,,#DIV/0!,4.645.872,1.131.581,92%,,,#DIV/0!,#REF!,866684,#REF!,,,,,,,,,,,,,,,,,,,
Semana 52,,06/05/28,Sunday,,,,  5.052.743 ,  1.660.556 ,,#DIV/0!,4.645.872,1.131.581,92%,,,#DIV/0!,#REF!,866684,#REF!,,,,,,,,,,,,,,,,,,,
Semana 52,,06/06/28,Sunday,,,,  5.052.743 ,  1.660.556 ,,#DIV/0!,4.645.872,1.131.581,92%,,,#DIV/0!,#REF!,866684,#REF!,,,,,,,,,,,,,,,,,,,
Semana 52,,06/07/28,Sunday,,,,  5.052.743 ,  1.660.556 ,,#DIV/0!,4.645.872,1.131.581,92%,,,#DIV/0!,#REF!,866684,#REF!,,,,,,,,,,,,,,,,,,,
Semana 52,,06/08/28,Sunday,,,,  5.052.743 ,  1.660.556 ,,#DIV/0!,4.645.872,1.131.581,92%,,,#DIV/0!,#REF!,866684,#REF!,,,,,,,,,,,,,,,,,,,
Semana 52,,06/09/28,Sunday,,,,  5.052.743 ,  1.660.556 ,,#DIV/0!,4.645.872,1.131.581,92%,,,#DIV/0!,#REF!,866684,#REF!,,,,,,,,,,,,,,,,,,,
Semana 52,,06/10/28,Sunday,,,,  5.052.743 ,  1.660.556 ,,#DIV/0!,4.645.872,1.131.581,92%,,,#DIV/0!,#REF!,866684,#REF!,,,,,,,,,,,,,,,,,,,
Semana 52,,06/11/28,Sunday,,,,  5.052.743 ,  1.660.556 ,,#DIV/0!,4.645.872,1.131.581,92%,,,#DIV/0!,#REF!,866684,#REF!,,,,,,,,,,,,,,,,,,,
Semana 52,,06/12/28,Sunday,,,,  5.052.743 ,  1.660.556 ,,#DIV/0!,4.645.872,1.131.581,92%,,,#DIV/0!,#REF!,866684,#REF!,,,,,,,,,,,,,,,,,,,
Semana 52,,06/13/28,Sunday,,,,  5.052.743 ,  1.660.556 ,,#DIV/0!,4.645.872,1.131.581,92%,,,#DIV/0!,#REF!,866684,#REF!,,,,,,,,,,,,,,,,,,,
Semana 52,,06/14/28,Sunday,,,,  5.052.743 ,  1.660.556 ,,#DIV/0!,4.645.872,1.131.581,92%,,,#DIV/0!,#REF!,866684,#REF!,,,,,,,,,,,,,,,,,,,
Semana 52,,06/15/28,Sunday,,,,  5.052.743 ,  1.660.556 ,,#DIV/0!,4.645.872,1.131.581,92%,,,#DIV/0!,#REF!,866684,#REF!,,,,,,,,,,,,,,,,,,,
Semana 52,,06/16/28,Sunday,,,,  5.052.743 ,  1.660.556 ,,#DIV/0!,4.645.872,1.131.581,92%,,,#DIV/0!,#REF!,866684,#REF!,,,,,,,,,,,,,,,,,,,
Semana 52,,06/17/28,Sunday,,,,  5.052.743 ,  1.660.556 ,,#DIV/0!,4.645.872,1.131.581,92%,,,#DIV/0!,#REF!,866684,#REF!,,,,,,,,,,,,,,,,,,,
Semana 52,,06/18/28,Sunday,,,,  5.052.743 ,  1.660.556 ,,#DIV/0!,4.645.872,1.131.581,92%,,,#DIV/0!,#REF!,866684,#REF!,,,,,,,,,,,,,,,,,,,
Semana 52,,06/19/28,Sunday,,,,  5.052.743 ,  1.660.556 ,,#DIV/0!,4.645.872,1.131.581,92%,,,#DIV/0!,#REF!,866684,#REF!,,,,,,,,,,,,,,,,,,,
Semana 52,,06/20/28,Sunday,,,,  5.052.743 ,  1.660.556 ,,#DIV/0!,4.645.872,1.131.581,92%,,,#DIV/0!,#REF!,866684,#REF!,,,,,,,,,,,,,,,,,,,
Semana 52,,06/21/28,Sunday,,,,  5.052.743 ,  1.660.556 ,,#DIV/0!,4.645.872,1.131.581,92%,,,#DIV/0!,#REF!,866684,#REF!,,,,,,,,,,,,,,,,,,,
Semana 52,,06/22/28,Sunday,,,,  5.052.743 ,  1.660.556 ,,#DIV/0!,4.645.872,1.131.581,92%,,,#DIV/0!,#REF!,866684,#REF!,,,,,,,,,,,,,,,,,,,
Semana 52,,06/23/28,Sunday,,,,  5.052.743 ,  1.660.556 ,,#DIV/0!,4.645.872,1.131.581,92%,,,#DIV/0!,#REF!,866684,#REF!,,,,,,,,,,,,,,,,,,,
Semana 52,,06/24/28,Sunday,,,,  5.052.743 ,  1.660.556 ,,#DIV/0!,4.645.872,1.131.581,92%,,,#DIV/0!,#REF!,866684,#REF!,,,,,,,,,,,,,,,,,,,
Semana 52,,06/25/28,Sunday,,,,  5.052.743 ,  1.660.556 ,,#DIV/0!,4.645.872,1.131.581,92%,,,#DIV/0!,#REF!,866684,#REF!,,,,,,,,,,,,,,,,,,,
Semana 52,,06/26/28,Sunday,,,,  5.052.743 ,  1.660.556 ,,#DIV/0!,4.645.872,1.131.581,92%,,,#DIV/0!,#REF!,866684,#REF!,,,,,,,,,,,,,,,,,,,
Semana 52,,06/27/28,Sunday,,,,  5.052.743 ,  1.660.556 ,,#DIV/0!,4.645.872,1.131.581,92%,,,#DIV/0!,#REF!,866684,#REF!,,,,,,,,,,,,,,,,,,,
Semana 52,,06/28/28,Sunday,,,,  5.052.743 ,  1.660.556 ,,#DIV/0!,4.645.872,1.131.581,92%,,,#DIV/0!,#REF!,866684,#REF!,,,,,,,,,,,,,,,,,,,
Semana 52,,06/29/28,Sunday,,,,  5.052.743 ,  1.660.556 ,,#DIV/0!,4.645.872,1.131.581,92%,,,#DIV/0!,#REF!,866684,#REF!,,,,,,,,,,,,,,,,,,,
Semana 52,,06/30/28,Sunday,,,,  5.052.743 ,  1.660.556 ,,#DIV/0!,4.645.872,1.131.581,92%,,,#DIV/0!,#REF!,866684,#REF!,,,,,,,,,,,,,,,,,,,
Semana 52,,07/01/28,Sunday,,,,  5.052.743 ,  1.660.556 ,,#DIV/0!,4.645.872,1.131.581,92%,,,#DIV/0!,#REF!,866684,#REF!,,,,,,,,,,,,,,,,,,,
Semana 52,,07/02/28,Sunday,,,,  5.052.743 ,  1.660.556 ,,#DIV/0!,4.645.872,1.131.581,92%,,,#DIV/0!,#REF!,866684,#REF!,,,,,,,,,,,,,,,,,,,
Semana 52,,07/03/28,Sunday,,,,  5.052.743 ,  1.660.556 ,,#DIV/0!,4.645.872,1.131.581,92%,,,#DIV/0!,#REF!,866684,#REF!,,,,,,,,,,,,,,,,,,,
Semana 52,,07/04/28,Sunday,,,,  5.052.743 ,  1.660.556 ,,#DIV/0!,4.645.872,1.131.581,92%,,,#DIV/0!,#REF!,866684,#REF!,,,,,,,,,,,,,,,,,,,
Semana 52,,07/05/28,Sunday,,,,  5.052.743 ,  1.660.556 ,,#DIV/0!,4.645.872,1.131.581,92%,,,#DIV/0!,#REF!,866684,#REF!,,,,,,,,,,,,,,,,,,,
Semana 52,,07/06/28,Sunday,,,,  5.052.743 ,  1.660.556 ,,#DIV/0!,4.645.872,1.131.581,92%,,,#DIV/0!,#REF!,866684,#REF!,,,,,,,,,,,,,,,,,,,
Semana 52,,07/07/28,Sunday,,,,  5.052.743 ,  1.660.556 ,,#DIV/0!,4.645.872,1.131.581,92%,,,#DIV/0!,#REF!,866684,#REF!,,,,,,,,,,,,,,,,,,,
Semana 52,,07/08/28,Sunday,,,,  5.052.743 ,  1.660.556 ,,#DIV/0!,4.645.872,1.131.581,92%,,,#DIV/0!,#REF!,866684,#REF!,,,,,,,,,,,,,,,,,,,
Semana 52,,07/09/28,Sunday,,,,  5.052.743 ,  1.660.556 ,,#DIV/0!,4.645.872,1.131.581,92%,,,#DIV/0!,#REF!,866684,#REF!,,,,,,,,,,,,,,,,,,,
Semana 52,,07/10/28,Sunday,,,,  5.052.743 ,  1.660.556 ,,#DIV/0!,4.645.872,1.131.581,92%,,,#DIV/0!,#REF!,866684,#REF!,,,,,,,,,,,,,,,,,,,
Semana 52,,07/11/28,Sunday,,,,  5.052.743 ,  1.660.556 ,,#DIV/0!,4.645.872,1.131.581,92%,,,#DIV/0!,#REF!,866684,#REF!,,,,,,,,,,,,,,,,,,,
Semana 52,,07/12/28,Sunday,,,,  5.052.743 ,  1.660.556 ,,#DIV/0!,4.645.872,1.131.581,92%,,,#DIV/0!,#REF!,866684,#REF!,,,,,,,,,,,,,,,,,,,
Semana 52,,07/13/28,Sunday,,,,  5.052.743 ,  1.660.556 ,,#DIV/0!,4.645.872,1.131.581,92%,,,#DIV/0!,#REF!,866684,#REF!,,,,,,,,,,,,,,,,,,,
Semana 52,,07/14/28,Sunday,,,,  5.052.743 ,  1.660.556 ,,#DIV/0!,4.645.872,1.131.581,92%,,,#DIV/0!,#REF!,866684,#REF!,,,,,,,,,,,,,,,,,,,
Semana 52,,07/15/28,Sunday,,,,  5.052.743 ,  1.660.556 ,,#DIV/0!,4.645.872,1.131.581,92%,,,#DIV/0!,#REF!,866684,#REF!,,,,,,,,,,,,,,,,,,,
Semana 52,,07/16/28,Sunday,,,,  5.052.743 ,  1.660.556 ,,#DIV/0!,4.645.872,1.131.581,92%,,,#DIV/0!,#REF!,866684,#REF!,,,,,,,,,,,,,,,,,,,
Semana 52,,07/17/28,Sunday,,,,  5.052.743 ,  1.660.556 ,,#DIV/0!,4.645.872,1.131.581,92%,,,#DIV/0!,#REF!,866684,#REF!,,,,,,,,,,,,,,,,,,,
Semana 52,,07/18/28,Sunday,,,,  5.052.743 ,  1.660.556 ,,#DIV/0!,4.645.872,1.131.581,92%,,,#DIV/0!,#REF!,866684,#REF!,,,,,,,,,,,,,,,,,,,
Semana 52,,07/19/28,Sunday,,,,  5.052.743 ,  1.660.556 ,,#DIV/0!,4.645.872,1.131.581,92%,,,#DIV/0!,#REF!,866684,#REF!,,,,,,,,,,,,,,,,,,,
Semana 52,,07/20/28,Sunday,,,,  5.052.743 ,  1.660.556 ,,#DIV/0!,4.645.872,1.131.581,92%,,,#DIV/0!,#REF!,866684,#REF!,,,,,,,,,,,,,,,,,,,
Semana 52,,07/21/28,Sunday,,,,  5.052.743 ,  1.660.556 ,,#DIV/0!,4.645.872,1.131.581,92%,,,#DIV/0!,#REF!,866684,#REF!,,,,,,,,,,,,,,,,,,,
Semana 52,,07/22/28,Sunday,,,,  5.052.743 ,  1.660.556 ,,#DIV/0!,4.645.872,1.131.581,92%,,,#DIV/0!,#REF!,866684,#REF!,,,,,,,,,,,,,,,,,,,
Semana 52,,07/23/28,Sunday,,,,  5.052.743 ,  1.660.556 ,,#DIV/0!,4.645.872,1.131.581,92%,,,#DIV/0!,#REF!,866684,#REF!,,,,,,,,,,,,,,,,,,,
Semana 52,,07/24/28,Sunday,,,,  5.052.743 ,  1.660.556 ,,#DIV/0!,4.645.872,1.131.581,92%,,,#DIV/0!,#REF!,866684,#REF!,,,,,,,,,,,,,,,,,,,
Semana 52,,07/25/28,Sunday,,,,  5.052.743 ,  1.660.556 ,,#DIV/0!,4.645.872,1.131.581,92%,,,#DIV/0!,#REF!,866684,#REF!,,,,,,,,,,,,,,,,,,,
Semana 52,,07/26/28,Sunday,,,,  5.052.743 ,  1.660.556 ,,#DIV/0!,4.645.872,1.131.581,92%,,,#DIV/0!,#REF!,866684,#REF!,,,,,,,,,,,,,,,,,,,
Semana 52,,07/27/28,Sunday,,,,  5.052.743 ,  1.660.556 ,,#DIV/0!,4.645.872,1.131.581,92%,,,#DIV/0!,#REF!,866684,#REF!,,,,,,,,,,,,,,,,,,,
Semana 52,,07/28/28,Sunday,,,,  5.052.743 ,  1.660.556 ,,#DIV/0!,4.645.872,1.131.581,92%,,,#DIV/0!,#REF!,866684,#REF!,,,,,,,,,,,,,,,,,,,
Semana 52,,07/29/28,Sunday,,,,  5.052.743 ,  1.660.556 ,,#DIV/0!,4.645.872,1.131.581,92%,,,#DIV/0!,#REF!,866684,#REF!,,,,,,,,,,,,,,,,,,,
Semana 52,,07/30/28,Sunday,,,,  5.052.743 ,  1.660.556 ,,#DIV/0!,4.645.872,1.131.581,92%,,,#DIV/0!,#REF!,866684,#REF!,,,,,,,,,,,,,,,,,,,
Semana 52,,07/31/28,Sunday,,,,  5.052.743 ,  1.660.556 ,,#DIV/0!,4.645.872,1.131.581,92%,,,#DIV/0!,#REF!,866684,#REF!,,,,,,,,,,,,,,,,,,,
Semana 52,,08/01/28,Sunday,,,,  5.052.743 ,  1.660.556 ,,#DIV/0!,4.645.872,1.131.581,92%,,,#DIV/0!,#REF!,866684,#REF!,,,,,,,,,,,,,,,,,,,
Semana 52,,08/02/28,Sunday,,,,  5.052.743 ,  1.660.556 ,,#DIV/0!,4.645.872,1.131.581,92%,,,#DIV/0!,#REF!,866684,#REF!,,,,,,,,,,,,,,,,,,,
Semana 52,,08/03/28,Sunday,,,,  5.052.743 ,  1.660.556 ,,#DIV/0!,4.645.872,1.131.581,92%,,,#DIV/0!,#REF!,866684,#REF!,,,,,,,,,,,,,,,,,,,
Semana 52,,08/04/28,Sunday,,,,  5.052.743 ,  1.660.556 ,,#DIV/0!,4.645.872,1.131.581,92%,,,#DIV/0!,#REF!,866684,#REF!,,,,,,,,,,,,,,,,,,,
Semana 52,,08/05/28,Sunday,,,,  5.052.743 ,  1.660.556 ,,#DIV/0!,4.645.872,1.131.581,92%,,,#DIV/0!,#REF!,866684,#REF!,,,,,,,,,,,,,,,,,,,
Semana 52,,08/06/28,Sunday,,,,  5.052.743 ,  1.660.556 ,,#DIV/0!,4.645.872,1.131.581,92%,,,#DIV/0!,#REF!,866684,#REF!,,,,,,,,,,,,,,,,,,,
Semana 52,,08/07/28,Sunday,,,,  5.052.743 ,  1.660.556 ,,#DIV/0!,4.645.872,1.131.581,92%,,,#DIV/0!,#REF!,866684,#REF!,,,,,,,,,,,,,,,,,,,
Semana 52,,08/08/28,Sunday,,,,  5.052.743 ,  1.660.556 ,,#DIV/0!,4.645.872,1.131.581,92%,,,#DIV/0!,#REF!,866684,#REF!,,,,,,,,,,,,,,,,,,,
Semana 52,,08/09/28,Sunday,,,,  5.052.743 ,  1.660.556 ,,#DIV/0!,4.645.872,1.131.581,92%,,,#DIV/0!,#REF!,866684,#REF!,,,,,,,,,,,,,,,,,,,
Semana 52,,08/10/28,Sunday,,,,  5.052.743 ,  1.660.556 ,,#DIV/0!,4.645.872,1.131.581,92%,,,#DIV/0!,#REF!,866684,#REF!,,,,,,,,,,,,,,,,,,,
Semana 52,,08/11/28,Sunday,,,,  5.052.743 ,  1.660.556 ,,#DIV/0!,4.645.872,1.131.581,92%,,,#DIV/0!,#REF!,866684,#REF!,,,,,,,,,,,,,,,,,,,
Semana 52,,08/12/28,Sunday,,,,  5.052.743 ,  1.660.556 ,,#DIV/0!,4.645.872,1.131.581,92%,,,#DIV/0!,#REF!,866684,#REF!,,,,,,,,,,,,,,,,,,,
Semana 52,,08/13/28,Sunday,,,,  5.052.743 ,  1.660.556 ,,#DIV/0!,4.645.872,1.131.581,92%,,,#DIV/0!,#REF!,866684,#REF!,,,,,,,,,,,,,,,,,,,
Semana 52,,08/14/28,Sunday,,,,  5.052.743 ,  1.660.556 ,,#DIV/0!,4.645.872,1.131.581,92%,,,#DIV/0!,#REF!,866684,#REF!,,,,,,,,,,,,,,,,,,,
Semana 52,,08/15/28,Sunday,,,,  5.052.743 ,  1.660.556 ,,#DIV/0!,4.645.872,1.131.581,92%,,,#DIV/0!,#REF!,866684,#REF!,,,,,,,,,,,,,,,,,,,
Semana 52,,08/16/28,Sunday,,,,  5.052.743 ,  1.660.556 ,,#DIV/0!,4.645.872,1.131.581,92%,,,#DIV/0!,#REF!,866684,#REF!,,,,,,,,,,,,,,,,,,,
Semana 52,,08/17/28,Sunday,,,,  5.052.743 ,  1.660.556 ,,#DIV/0!,4.645.872,1.131.581,92%,,,#DIV/0!,#REF!,866684,#REF!,,,,,,,,,,,,,,,,,,,
Semana 52,,08/18/28,Sunday,,,,  5.052.743 ,  1.660.556 ,,#DIV/0!,4.645.872,1.131.581,92%,,,#DIV/0!,#REF!,866684,#REF!,,,,,,,,,,,,,,,,,,,
Semana 52,,08/19/28,Sunday,,,,  5.052.743 ,  1.660.556 ,,#DIV/0!,4.645.872,1.131.581,92%,,,#DIV/0!,#REF!,866684,#REF!,,,,,,,,,,,,,,,,,,,